latitude,longitude,elevation,utc_offset_seconds,timezone,timezone_abbreviation
47.34622,7.512275,435.0,7200,Europe/Zurich,CEST

time,temperature_2m_max (°C),temperature_2m_min (°C),temperature_2m_mean (°C),rain_sum (mm),snowfall_sum (cm)
2018-01-01,7.2,4.0,5.3,5.80,0.42
2018-01-02,6.5,2.6,4.2,1.00,1.54
2018-01-03,11.0,4.3,6.7,11.90,0.00
2018-01-04,10.7,2.9,7.1,22.00,2.52
2018-01-05,11.5,7.2,9.4,11.00,0.00
2018-01-06,10.2,3.4,7.3,5.60,0.00
2018-01-07,9.0,2.7,5.5,0.00,0.00
2018-01-08,8.7,1.5,5.3,0.00,0.00
2018-01-09,9.8,2.3,4.8,4.50,0.00
2018-01-10,7.6,0.9,3.9,0.50,0.00
2018-01-11,7.2,2.5,4.4,2.00,0.07
2018-01-12,4.6,1.8,3.7,0.20,0.00
2018-01-13,4.9,-1.2,2.1,0.00,0.00
2018-01-14,3.0,-2.4,-0.4,0.00,0.00
2018-01-15,5.4,-2.3,1.8,1.80,0.00
2018-01-16,7.4,4.3,5.6,17.20,1.47
2018-01-17,5.1,0.1,1.9,4.40,5.46
2018-01-18,6.2,0.3,3.8,3.60,4.34
2018-01-19,7.1,1.5,4.2,7.40,4.13
2018-01-20,6.4,-0.8,2.6,6.20,2.45
2018-01-21,6.6,1.4,3.2,7.00,3.78
2018-01-22,8.6,2.9,7.0,31.50,0.14
2018-01-23,8.2,3.2,5.8,0.60,0.00
2018-01-24,11.3,3.1,6.7,0.00,0.00
2018-01-25,11.1,2.8,6.8,0.00,0.00
2018-01-26,7.8,2.6,5.8,5.20,1.89
2018-01-27,6.2,3.2,5.2,3.80,0.21
2018-01-28,9.2,2.1,5.4,0.00,0.00
2018-01-29,10.1,5.9,7.5,0.00,0.00
2018-01-30,8.6,5.0,6.6,0.40,0.00
2018-01-31,10.5,3.4,6.3,1.90,0.07
2018-02-01,7.2,-0.6,3.3,8.90,3.64
2018-02-02,4.7,-3.0,0.7,0.00,0.21
2018-02-03,2.3,-1.3,0.5,0.00,0.91
2018-02-04,4.0,-1.0,1.0,0.00,0.00
2018-02-05,2.9,-1.4,0.2,0.00,0.56
2018-02-06,5.7,-1.9,1.0,0.00,0.00
2018-02-07,1.8,-0.9,0.5,0.00,2.52
2018-02-08,2.3,-1.3,-0.1,0.00,1.19
2018-02-09,5.0,-2.4,0.7,0.00,0.00
2018-02-10,2.1,-1.0,0.5,0.00,0.70
2018-02-11,5.0,-1.1,1.6,1.20,2.45
2018-02-12,1.5,-4.9,-0.3,0.00,2.73
2018-02-13,1.1,-7.3,-3.0,0.00,0.00
2018-02-14,2.6,-5.8,-2.1,0.00,0.00
2018-02-15,7.5,-5.6,2.3,6.90,1.40
2018-02-16,8.2,3.4,5.7,12.10,0.00
2018-02-17,5.2,0.4,3.0,8.10,2.52
2018-02-18,2.3,-4.1,0.1,0.00,0.70
2018-02-19,3.4,-3.4,0.0,0.00,0.00
2018-02-20,1.0,-1.9,-0.7,0.00,0.35
2018-02-21,1.7,-3.0,-0.8,0.00,0.07
2018-02-22,-1.0,-3.2,-2.1,0.00,0.42
2018-02-23,-1.7,-3.1,-2.3,0.00,0.07
2018-02-24,0.7,-2.8,-1.6,0.00,0.00
2018-02-25,-3.1,-8.2,-5.3,0.00,0.00
2018-02-26,-4.9,-10.5,-7.9,0.00,0.00
2018-02-27,-5.7,-10.5,-8.3,0.00,0.00
2018-02-28,-1.6,-10.7,-6.7,0.00,0.00
2018-03-01,0.6,-6.6,-3.5,0.80,2.45
2018-03-02,4.5,-5.5,-0.9,0.10,2.94
2018-03-03,5.6,-4.5,1.6,0.40,0.84
2018-03-04,10.9,0.8,5.1,2.60,0.14
2018-03-05,11.1,1.2,5.8,0.70,0.00
2018-03-06,8.8,2.2,4.8,2.00,0.00
2018-03-07,8.1,0.7,4.0,1.50,0.49
2018-03-08,10.1,1.2,5.1,0.00,0.14
2018-03-09,12.2,4.2,7.5,0.00,0.00
2018-03-10,9.8,7.3,8.5,4.00,0.00
2018-03-11,12.6,4.5,7.8,5.00,0.00
2018-03-12,11.0,3.9,7.4,5.40,0.07
2018-03-13,7.6,3.6,5.4,3.10,0.00
2018-03-14,11.4,1.4,6.5,0.90,0.00
2018-03-15,10.3,1.9,5.4,0.70,0.00
2018-03-16,10.9,2.0,6.2,2.00,0.49
2018-03-17,7.6,0.2,4.0,3.20,4.69
2018-03-18,2.8,-1.2,0.6,0.00,1.96
2018-03-19,3.1,-2.7,-0.2,0.10,1.12
2018-03-20,1.7,-3.2,-1.1,0.00,0.35
2018-03-21,3.8,-2.5,-0.3,0.00,0.42
2018-03-22,4.6,-2.3,0.9,0.00,0.42
2018-03-23,7.1,1.1,3.6,0.00,0.70
2018-03-24,11.0,0.2,5.1,0.00,0.00
2018-03-25,12.9,3.3,7.6,0.80,0.00
2018-03-26,10.2,3.4,6.5,1.80,0.00
2018-03-27,9.8,1.8,5.9,2.70,0.00
2018-03-28,10.7,5.5,8.2,12.40,0.00
2018-03-29,7.7,1.5,5.0,5.20,0.07
2018-03-30,11.7,1.2,5.2,7.70,0.00
2018-03-31,7.8,2.0,4.7,2.00,0.00
2018-04-01,7.4,2.5,4.7,2.30,0.21
2018-04-02,14.7,1.0,7.1,0.10,0.00
2018-04-03,17.5,6.7,11.7,0.00,0.00
2018-04-04,17.2,5.9,9.8,6.00,0.00
2018-04-05,12.0,5.5,8.4,1.10,0.00
2018-04-06,15.8,3.0,8.9,0.00,0.00
2018-04-07,21.1,4.8,12.6,0.00,0.00
2018-04-08,21.6,9.0,16.4,0.00,0.00
2018-04-09,18.8,9.4,13.5,0.90,0.00
2018-04-10,13.6,4.8,9.8,6.10,0.00
2018-04-11,16.3,2.8,10.1,0.00,0.00
2018-04-12,17.1,7.6,12.0,0.50,0.00
2018-04-13,15.9,7.5,10.7,0.60,0.00
2018-04-14,17.9,8.6,13.4,0.00,0.00
2018-04-15,18.2,8.0,13.2,0.20,0.00
2018-04-16,16.6,8.5,13.1,1.30,0.00
2018-04-17,19.8,9.4,14.7,0.00,0.00
2018-04-18,21.7,11.3,16.3,0.00,0.00
2018-04-19,23.7,9.5,17.2,0.00,0.00
2018-04-20,24.6,11.4,19.3,0.00,0.00
2018-04-21,25.1,12.8,19.4,0.00,0.00
2018-04-22,24.4,13.9,19.1,0.00,0.00
2018-04-23,20.1,12.7,15.6,4.60,0.00
2018-04-24,21.3,10.0,15.5,0.10,0.00
2018-04-25,21.3,11.5,15.8,1.30,0.00
2018-04-26,12.9,9.3,11.0,1.40,0.00
2018-04-27,20.8,7.2,13.7,0.00,0.00
2018-04-28,19.1,11.2,14.2,0.40,0.00
2018-04-29,22.2,9.6,15.3,4.30,0.00
2018-04-30,14.9,8.0,11.3,9.70,0.00
2018-05-01,11.2,6.2,8.5,2.20,0.00
2018-05-02,13.1,6.5,10.0,0.50,0.00
2018-05-03,12.3,9.2,10.9,7.70,0.00
2018-05-04,18.3,10.1,13.8,1.20,0.00
2018-05-05,20.7,11.5,16.0,0.30,0.00
2018-05-06,23.0,13.7,18.2,0.00,0.00
2018-05-07,22.8,12.5,17.7,0.30,0.00
2018-05-08,23.0,11.3,18.1,1.90,0.00
2018-05-09,21.0,12.9,17.1,0.80,0.00
2018-05-10,14.3,10.8,12.4,8.50,0.00
2018-05-11,20.0,8.1,14.2,0.10,0.00
2018-05-12,22.1,11.7,17.7,0.10,0.00
2018-05-13,15.4,8.7,10.5,5.20,0.00
2018-05-14,12.8,8.5,10.6,3.20,0.00
2018-05-15,14.8,9.5,12.1,16.00,0.00
2018-05-16,14.1,8.6,11.5,7.00,0.00
2018-05-17,16.1,9.0,12.3,7.80,0.00
2018-05-18,18.3,8.0,14.0,0.40,0.00
2018-05-19,17.5,9.2,13.3,4.30,0.00
2018-05-20,17.1,8.3,13.5,1.60,0.00
2018-05-21,21.6,10.4,15.9,4.30,0.00
2018-05-22,21.3,11.3,16.8,1.10,0.00
2018-05-23,18.8,11.4,15.5,10.20,0.00
2018-05-24,21.2,11.6,17.1,0.20,0.00
2018-05-25,23.8,12.0,19.1,0.10,0.00
2018-05-26,25.9,13.9,20.4,2.40,0.00
2018-05-27,25.2,15.8,20.5,1.60,0.00
2018-05-28,24.1,14.0,19.3,0.40,0.00
2018-05-29,21.9,15.5,18.2,7.90,0.00
2018-05-30,24.6,13.6,19.0,6.50,0.00
2018-05-31,22.9,13.8,18.0,12.90,0.00
2018-06-01,20.7,13.2,17.2,6.60,0.00
2018-06-02,22.1,13.7,18.0,5.70,0.00
2018-06-03,23.6,14.0,18.9,0.70,0.00
2018-06-04,24.0,15.2,19.5,1.60,0.00
2018-06-05,23.7,13.8,19.0,1.20,0.00
2018-06-06,23.6,15.4,19.3,4.30,0.00
2018-06-07,21.8,16.0,18.3,7.90,0.00
2018-06-08,22.6,15.5,18.7,8.40,0.00
2018-06-09,23.7,15.2,19.2,1.20,0.00
2018-06-10,24.6,15.4,20.6,2.40,0.00
2018-06-11,24.1,15.6,19.4,9.90,0.00
2018-06-12,19.2,14.8,17.0,6.40,0.00
2018-06-13,15.7,12.0,14.0,8.40,0.00
2018-06-14,19.2,10.2,14.6,0.20,0.00
2018-06-15,20.8,12.4,16.7,0.10,0.00
2018-06-16,22.6,13.5,18.5,0.60,0.00
2018-06-17,21.0,14.9,17.1,1.50,0.00
2018-06-18,21.5,13.3,17.4,0.10,0.00
2018-06-19,24.8,13.2,19.3,0.00,0.00
2018-06-20,27.2,14.8,21.6,0.20,0.00
2018-06-21,25.5,15.3,21.6,1.60,0.00
2018-06-22,18.1,9.4,13.6,0.10,0.00
2018-06-23,20.3,10.0,14.6,0.00,0.00
2018-06-24,19.7,10.8,15.5,0.80,0.00
2018-06-25,20.0,10.7,16.2,0.30,0.00
2018-06-26,24.1,13.5,18.5,0.00,0.00
2018-06-27,25.3,14.7,19.5,0.00,0.00
2018-06-28,23.0,13.8,18.0,0.00,0.00
2018-06-29,22.6,14.2,18.6,0.10,0.00
2018-06-30,28.9,17.5,23.2,0.10,0.00
2018-07-01,29.2,17.8,23.6,0.00,0.00
2018-07-02,29.4,16.8,22.9,0.50,0.00
2018-07-03,24.7,17.5,21.2,3.20,0.00
2018-07-04,26.5,16.9,21.9,2.10,0.00
2018-07-05,21.1,17.0,18.7,14.90,0.00
2018-07-06,21.0,14.4,17.6,2.20,0.00
2018-07-07,23.0,15.6,20.0,0.60,0.00
2018-07-08,24.8,15.7,20.6,0.00,0.00
2018-07-09,25.6,15.5,21.2,0.00,0.00
2018-07-10,22.8,14.5,18.8,0.00,0.00
2018-07-11,20.5,13.7,16.8,0.10,0.00
2018-07-12,23.7,13.0,18.7,0.00,0.00
2018-07-13,26.4,16.1,21.4,0.10,0.00
2018-07-14,27.4,17.8,23.0,0.00,0.00
2018-07-15,27.3,16.0,21.3,2.90,0.00
2018-07-16,26.4,14.6,20.5,0.20,0.00
2018-07-17,24.9,15.9,21.0,2.10,0.00
2018-07-18,27.3,16.9,22.2,0.00,0.00
2018-07-19,27.9,18.2,23.0,0.30,0.00
2018-07-20,27.3,17.7,22.0,6.80,0.00
2018-07-21,21.2,15.2,18.2,6.40,0.00
2018-07-22,24.2,14.4,19.6,0.00,0.00
2018-07-23,25.1,15.3,20.5,2.70,0.00
2018-07-24,29.0,17.5,23.3,0.00,0.00
2018-07-25,29.2,18.4,24.3,0.10,0.00
2018-07-26,30.4,21.1,26.3,0.00,0.00
2018-07-27,29.9,18.9,26.1,0.00,0.00
2018-07-28,25.7,17.5,21.5,5.80,0.00
2018-07-29,28.9,16.1,23.0,0.00,0.00
2018-07-30,31.4,19.9,26.0,0.00,0.00
2018-07-31,31.5,21.1,26.7,0.00,0.00
2018-08-01,31.9,20.8,25.5,1.40,0.00
2018-08-02,29.4,18.2,24.3,0.10,0.00
2018-08-03,32.4,21.7,26.7,0.00,0.00
2018-08-04,32.7,24.3,28.1,0.10,0.00
2018-08-05,30.9,21.6,26.4,0.10,0.00
2018-08-06,32.9,21.9,26.8,0.10,0.00
2018-08-07,30.8,20.4,25.7,2.60,0.00
2018-08-08,29.0,21.8,24.9,1.80,0.00
2018-08-09,30.6,17.9,22.3,3.70,0.00
2018-08-10,22.5,13.3,18.3,0.60,0.00
2018-08-11,23.9,15.9,19.4,0.00,0.00
2018-08-12,28.6,14.6,21.7,0.00,0.00
2018-08-13,22.7,17.9,20.4,17.80,0.00
2018-08-14,22.0,16.2,18.8,3.20,0.00
2018-08-15,24.6,14.8,19.8,0.00,0.00
2018-08-16,28.1,16.4,22.4,0.00,0.00
2018-08-17,25.9,18.2,21.6,4.10,0.00
2018-08-18,23.6,17.0,19.5,2.30,0.00
2018-08-19,26.7,16.4,21.6,0.10,0.00
2018-08-20,27.6,17.6,22.6,0.00,0.00
2018-08-21,28.4,17.1,22.9,0.20,0.00
2018-08-22,30.6,18.8,23.5,6.00,0.00
2018-08-23,28.1,17.9,22.7,4.90,0.00
2018-08-24,22.6,15.1,18.6,1.70,0.00
2018-08-25,16.8,10.3,13.4,2.60,0.00
2018-08-26,18.8,7.7,13.3,0.20,0.00
2018-08-27,24.7,11.3,17.6,0.00,0.00
2018-08-28,27.1,16.9,21.6,0.10,0.00
2018-08-29,26.3,17.3,20.8,2.10,0.00
2018-08-30,19.8,13.5,16.6,0.80,0.00
2018-08-31,15.5,12.7,13.6,15.10,0.00
2018-09-01,15.7,11.6,13.5,6.60,0.00
2018-09-02,16.4,11.5,14.1,0.80,0.00
2018-09-03,18.3,12.7,15.5,1.40,0.00
2018-09-04,21.8,13.2,17.4,0.30,0.00
2018-09-05,24.7,12.7,19.7,0.00,0.00
2018-09-06,21.9,16.1,18.9,1.90,0.00
2018-09-07,20.6,15.0,17.2,0.70,0.00
2018-09-08,22.8,13.5,17.6,0.00,0.00
2018-09-09,25.1,13.4,19.9,0.00,0.00
2018-09-10,26.6,15.5,21.7,0.00,0.00
2018-09-11,28.0,15.3,22.2,0.00,0.00
2018-09-12,28.8,16.9,23.0,1.80,0.00
2018-09-13,25.3,15.4,19.4,6.90,0.00
2018-09-14,20.4,14.9,17.2,2.00,0.00
2018-09-15,21.0,12.0,16.1,0.00,0.00
2018-09-16,23.2,11.7,17.4,0.00,0.00
2018-09-17,26.4,13.4,20.0,0.00,0.00
2018-09-18,26.7,15.6,20.6,2.10,0.00
2018-09-19,26.5,15.3,21.3,0.10,0.00
2018-09-20,26.5,16.8,21.7,0.00,0.00
2018-09-21,25.4,12.4,19.1,2.10,0.00
2018-09-22,18.9,10.4,14.2,0.30,0.00
2018-09-23,25.3,12.7,19.0,13.00,0.00
2018-09-24,13.0,7.9,10.5,9.50,0.00
2018-09-25,14.6,6.4,10.1,0.00,0.00
2018-09-26,20.3,4.6,12.4,0.00,0.00
2018-09-27,23.1,10.6,17.1,0.00,0.00
2018-09-28,22.0,12.4,17.2,0.00,0.00
2018-09-29,17.5,9.2,12.9,0.00,0.00
2018-09-30,21.3,8.8,14.8,1.80,0.00
2018-10-01,13.5,6.8,9.5,4.70,0.00
2018-10-02,11.6,5.2,8.6,0.20,0.00
2018-10-03,15.4,8.4,11.8,0.00,0.00
2018-10-04,17.2,9.1,12.7,0.00,0.00
2018-10-05,22.4,9.4,15.3,0.00,0.00
2018-10-06,21.4,12.4,16.7,0.00,0.00
2018-10-07,19.2,12.6,15.6,1.40,0.00
2018-10-08,18.8,11.2,14.4,0.00,0.00
2018-10-09,19.6,12.1,15.3,0.00,0.00
2018-10-10,21.4,10.5,15.2,0.00,0.00
2018-10-11,19.9,11.7,15.3,0.90,0.00
2018-10-12,23.2,12.0,16.9,0.00,0.00
2018-10-13,22.9,12.6,17.1,0.00,0.00
2018-10-14,23.2,12.5,17.0,0.00,0.00
2018-10-15,21.3,10.8,16.6,0.00,0.00
2018-10-16,21.5,10.8,15.7,0.00,0.00
2018-10-17,20.4,10.0,15.4,0.00,0.00
2018-10-18,18.6,11.6,14.5,0.00,0.00
2018-10-19,17.3,9.3,13.1,0.00,0.00
2018-10-20,16.5,7.7,12.4,0.00,0.00
2018-10-21,14.9,6.5,10.5,0.00,0.00
2018-10-22,13.7,4.9,8.9,0.00,0.00
2018-10-23,14.5,4.0,9.5,0.00,0.00
2018-10-24,14.3,8.3,10.5,0.00,0.00
2018-10-25,17.0,7.2,11.4,0.00,0.00
2018-10-26,16.7,7.5,10.8,0.00,0.00
2018-10-27,8.8,3.1,6.1,12.70,2.73
2018-10-28,3.6,2.4,3.1,2.20,8.89
2018-10-29,6.3,2.2,3.9,6.30,0.28
2018-10-30,7.5,2.5,4.9,3.30,2.03
2018-10-31,11.5,2.2,6.9,0.00,0.00
2018-11-01,13.7,4.8,8.6,4.30,0.00
2018-11-02,12.6,5.2,8.3,1.60,0.00
2018-11-03,11.0,6.5,8.2,0.20,0.00
2018-11-04,12.4,6.7,8.6,0.00,0.00
2018-11-05,16.4,5.9,10.5,0.00,0.00
2018-11-06,16.1,5.8,10.2,0.30,0.00
2018-11-07,13.8,6.3,10.2,1.60,0.00
2018-11-08,11.4,7.0,9.6,4.20,0.00
2018-11-09,14.0,6.6,9.0,0.00,0.00
2018-11-10,13.5,5.9,9.1,2.70,0.00
2018-11-11,13.6,7.0,10.2,6.80,0.00
2018-11-12,16.6,6.8,10.7,1.40,0.00
2018-11-13,13.2,7.9,9.7,6.00,0.00
2018-11-14,10.8,5.3,7.2,0.00,0.00
2018-11-15,10.3,5.6,7.0,0.00,0.00
2018-11-16,7.4,1.6,5.0,0.00,0.00
2018-11-17,3.9,0.5,2.1,0.00,0.00
2018-11-18,3.4,-0.4,1.0,0.00,0.00
2018-11-19,1.3,-1.3,0.0,0.00,2.94
2018-11-20,4.1,-1.7,0.5,0.00,0.00
2018-11-21,6.7,-1.4,1.8,0.40,0.00
2018-11-22,9.1,1.0,4.0,0.00,0.00
2018-11-23,6.1,1.1,3.0,2.20,0.00
2018-11-24,10.2,2.8,5.8,4.10,0.00
2018-11-25,7.2,2.5,4.0,0.20,0.00
2018-11-26,4.5,2.7,3.5,1.30,0.98
2018-11-27,4.3,0.5,2.6,0.70,2.03
2018-11-28,5.6,-2.1,2.1,0.30,0.00
2018-11-29,8.8,2.6,5.1,0.10,0.00
2018-11-30,6.6,2.4,4.8,3.60,0.00
2018-12-01,8.0,1.5,5.0,0.30,0.00
2018-12-02,9.7,4.5,7.9,14.30,0.14
2018-12-03,12.1,9.5,10.6,11.80,0.00
2018-12-04,10.1,5.7,8.3,2.70,0.00
2018-12-05,9.8,4.7,7.4,0.30,0.00
2018-12-06,10.7,6.6,8.3,2.80,0.00
2018-12-07,11.2,6.7,9.3,4.60,0.00
2018-12-08,6.9,2.9,4.7,5.70,0.14
2018-12-09,8.0,4.7,6.4,18.40,0.00
2018-12-10,5.0,2.4,3.7,1.30,0.70
2018-12-11,3.4,0.0,1.6,0.30,0.21
2018-12-12,2.4,-1.9,-0.0,0.00,0.00
2018-12-13,0.5,-2.0,-0.8,0.00,0.00
2018-12-14,-0.3,-2.4,-1.5,0.00,0.00
2018-12-15,0.3,-3.4,-1.9,0.00,0.00
2018-12-16,6.0,-1.9,2.0,2.00,3.22
2018-12-17,5.5,0.2,2.8,0.80,0.21
2018-12-18,4.2,-1.2,0.9,0.00,0.00
2018-12-19,4.6,-0.6,2.6,9.00,0.35
2018-12-20,6.4,1.6,3.8,1.90,0.00
2018-12-21,9.1,3.7,6.9,13.50,0.00
2018-12-22,10.4,7.2,9.1,1.80,0.00
2018-12-23,10.0,7.0,8.4,6.10,0.00
2018-12-24,10.4,1.0,6.7,16.50,0.00
2018-12-25,4.3,-1.5,1.3,0.00,0.00
2018-12-26,6.4,-2.1,0.4,0.00,0.00
2018-12-27,8.1,-1.8,2.0,0.00,0.00
2018-12-28,5.5,-0.7,1.9,0.20,0.21
2018-12-29,1.7,-3.2,-0.3,0.00,0.00
2018-12-30,4.0,0.2,2.5,0.40,0.07
2018-12-31,5.9,2.3,4.2,0.20,0.00
2019-01-01,6.5,-0.0,3.3,0.30,0.00
2019-01-02,3.0,-0.8,1.3,0.70,1.26
2019-01-03,0.6,-2.4,-1.0,0.00,0.14
2019-01-04,2.0,-2.0,-0.4,0.00,0.07
2019-01-05,1.7,-0.4,0.9,0.00,1.12
2019-01-06,2.4,1.3,1.7,0.00,0.84
2019-01-07,2.5,0.9,1.5,0.00,0.35
2019-01-08,4.2,0.6,2.2,0.60,3.64
2019-01-09,1.3,-1.1,0.3,0.00,3.36
2019-01-10,-0.5,-2.2,-1.5,0.00,2.66
2019-01-11,-0.0,-2.9,-1.5,0.00,0.49
2019-01-12,3.2,-0.5,1.6,0.20,1.82
2019-01-13,5.5,2.4,3.6,6.80,6.58
2019-01-14,5.6,1.5,3.3,5.40,2.45
2019-01-15,5.1,-1.1,2.2,0.00,0.56
2019-01-16,6.0,-1.2,1.7,0.00,0.07
2019-01-17,6.1,1.3,3.6,2.10,0.35
2019-01-18,1.8,-2.9,-0.3,0.00,1.54
2019-01-19,2.6,-4.4,-1.3,0.00,0.00
2019-01-20,4.4,-3.2,0.3,0.00,0.21
2019-01-21,1.7,-1.7,-0.7,0.00,0.21
2019-01-22,0.5,-3.5,-1.2,0.00,0.00
2019-01-23,2.0,-3.3,-1.0,0.00,1.05
2019-01-24,-1.4,-4.0,-2.7,0.00,0.00
2019-01-25,-0.4,-5.2,-2.7,0.00,0.00
2019-01-26,4.3,-0.9,1.5,0.00,0.35
2019-01-27,5.9,0.9,3.2,1.80,3.22
2019-01-28,2.6,0.0,0.8,0.00,2.17
2019-01-29,2.9,-1.2,0.3,0.00,0.35
2019-01-30,1.9,-6.5,-0.9,0.10,2.24
2019-01-31,3.2,-3.7,-0.6,0.00,2.94
2019-02-01,3.9,-0.0,2.3,3.60,6.23
2019-02-02,7.9,-0.4,3.3,0.50,0.07
2019-02-03,2.4,-1.1,0.5,0.00,9.52
2019-02-04,1.8,-6.5,-1.5,0.00,0.00
2019-02-05,3.0,-7.4,-2.2,0.00,0.00
2019-02-06,6.4,-9.1,-3.1,0.00,0.00
2019-02-07,5.5,-6.4,0.5,4.20,0.00
2019-02-08,6.8,-0.6,2.6,0.00,0.00
2019-02-09,8.3,1.0,4.8,3.40,0.28
2019-02-10,10.1,3.2,6.1,7.10,1.61
2019-02-11,4.5,0.5,2.2,0.20,1.89
2019-02-12,4.4,-0.3,1.9,0.00,0.00
2019-02-13,9.3,-1.4,2.7,0.00,0.00
2019-02-14,13.5,-0.4,5.2,0.00,0.00
2019-02-15,13.4,0.1,5.1,0.00,0.00
2019-02-16,16.0,1.2,6.9,0.00,0.00
2019-02-17,14.9,3.0,7.4,0.00,0.00
2019-02-18,14.0,0.8,6.7,0.00,0.00
2019-02-19,11.8,1.7,5.7,0.00,0.00
2019-02-20,11.8,1.6,7.1,0.00,0.00
2019-02-21,14.4,2.5,7.8,0.00,0.00
2019-02-22,11.4,4.7,7.7,0.00,0.00
2019-02-23,9.3,2.9,5.7,0.00,0.00
2019-02-24,10.2,-1.0,4.0,0.00,0.00
2019-02-25,11.5,1.5,6.1,0.00,0.00
2019-02-26,14.4,1.3,7.1,0.00,0.00
2019-02-27,16.6,2.2,9.2,0.00,0.00
2019-02-28,16.9,4.6,9.6,0.00,0.00
2019-03-01,7.3,4.8,5.9,9.40,0.77
2019-03-02,8.3,4.8,6.3,1.10,0.00
2019-03-03,13.1,4.2,8.6,0.00,0.00
2019-03-04,10.3,4.1,7.7,5.40,0.35
2019-03-05,9.9,3.1,6.0,0.00,0.00
2019-03-06,14.0,3.2,8.3,0.00,0.00
2019-03-07,10.0,4.3,6.9,7.10,0.00
2019-03-08,8.7,4.6,6.3,1.80,0.00
2019-03-09,9.5,4.8,7.2,3.50,0.00
2019-03-10,11.5,6.0,9.2,11.30,0.00
2019-03-11,4.9,0.8,3.0,0.40,2.52
2019-03-12,9.5,-1.2,3.8,0.00,0.35
2019-03-13,9.6,2.6,4.9,3.20,1.26
2019-03-14,5.7,2.2,3.6,6.70,5.88
2019-03-15,9.2,4.7,7.5,16.80,0.00
2019-03-16,15.8,7.3,10.4,1.10,0.00
2019-03-17,15.6,3.2,8.9,4.00,0.14
2019-03-18,6.6,1.7,3.8,0.20,0.84
2019-03-19,8.1,0.4,4.1,0.00,0.07
2019-03-20,9.4,1.5,5.0,0.00,0.00
2019-03-21,11.9,1.4,5.9,0.00,0.00
2019-03-22,16.9,2.2,9.8,0.00,0.00
2019-03-23,17.0,6.3,11.3,0.00,0.00
2019-03-24,16.4,3.1,10.0,0.00,0.00
2019-03-25,8.7,2.7,6.4,0.60,0.28
2019-03-26,7.6,1.4,3.7,0.00,0.42
2019-03-27,9.1,1.3,5.1,0.00,0.00
2019-03-28,14.0,2.9,7.4,0.00,0.00
2019-03-29,15.4,2.6,9.4,0.00,0.00
2019-03-30,17.0,4.6,11.3,0.00,0.00
2019-03-31,17.2,7.3,13.1,0.00,0.00
2019-04-01,16.5,7.0,11.4,0.00,0.00
2019-04-02,18.1,6.7,12.2,0.00,0.00
2019-04-03,11.8,2.3,6.6,7.70,8.19
2019-04-04,3.2,-0.6,2.1,0.30,16.59
2019-04-05,8.3,-1.4,3.9,0.00,0.00
2019-04-06,13.7,1.7,7.4,0.00,0.00
2019-04-07,10.1,6.4,7.6,5.10,0.00
2019-04-08,11.9,4.6,8.2,2.70,0.00
2019-04-09,13.0,5.9,8.9,1.40,0.00
2019-04-10,11.1,5.6,7.9,6.90,0.00
2019-04-11,9.5,4.4,6.9,5.40,0.00
2019-04-12,9.6,2.1,6.1,0.10,0.00
2019-04-13,6.3,1.4,3.4,0.10,0.00
2019-04-14,4.4,0.5,2.3,0.10,1.61
2019-04-15,12.8,1.4,6.6,0.00,0.00
2019-04-16,13.9,5.2,9.3,1.30,0.00
2019-04-17,15.6,7.8,11.4,2.20,0.00
2019-04-18,19.1,6.2,13.2,0.00,0.00
2019-04-19,20.5,7.4,14.9,0.30,0.00
2019-04-20,20.7,9.1,15.7,0.00,0.00
2019-04-21,20.5,9.9,15.2,0.00,0.00
2019-04-22,21.5,8.8,15.9,0.00,0.00
2019-04-23,20.3,10.5,15.7,0.00,0.00
2019-04-24,21.3,6.9,13.9,10.00,0.00
2019-04-25,21.4,6.7,12.1,0.50,0.00
2019-04-26,11.0,4.8,7.6,15.60,0.00
2019-04-27,10.6,5.1,7.6,5.90,0.00
2019-04-28,8.9,2.9,5.8,3.00,0.56
2019-04-29,10.5,3.8,7.0,0.60,0.00
2019-04-30,11.6,4.9,8.5,0.20,0.00
2019-05-01,16.5,5.4,11.8,0.00,0.00
2019-05-02,16.1,8.0,11.3,5.70,0.00
2019-05-03,11.2,6.4,8.7,4.30,0.00
2019-05-04,10.7,1.6,6.0,2.50,5.25
2019-05-05,7.2,1.0,3.6,1.00,0.70
2019-05-06,9.4,-0.6,5.1,0.30,0.14
2019-05-07,13.9,2.7,8.6,0.00,0.00
2019-05-08,11.9,7.1,9.6,18.10,0.00
2019-05-09,12.9,5.5,9.4,2.90,0.00
2019-05-10,14.5,7.5,10.9,3.30,0.00
2019-05-11,15.5,6.9,10.9,11.50,0.00
2019-05-12,11.2,5.8,8.2,4.70,0.00
2019-05-13,13.3,4.7,9.1,0.00,0.00
2019-05-14,13.5,5.0,8.9,0.00,0.00
2019-05-15,11.2,3.0,7.6,0.00,0.00
2019-05-16,11.7,4.8,8.5,0.10,0.00
2019-05-17,17.4,4.2,10.9,3.00,0.00
2019-05-18,15.3,9.8,12.1,3.70,0.00
2019-05-19,14.9,9.6,12.2,9.40,0.00
2019-05-20,14.5,10.9,12.0,20.50,0.00
2019-05-21,13.5,9.6,11.4,1.70,0.00
2019-05-22,18.0,8.4,13.3,0.10,0.00
2019-05-23,19.3,9.6,14.3,0.00,0.00
2019-05-24,20.1,11.1,15.5,1.00,0.00
2019-05-25,18.7,11.8,15.3,3.30,0.00
2019-05-26,19.0,9.3,14.7,0.40,0.00
2019-05-27,18.3,12.9,15.4,0.50,0.00
2019-05-28,13.5,9.0,11.9,4.70,0.00
2019-05-29,14.4,7.6,10.9,2.10,0.00
2019-05-30,18.8,6.3,13.8,0.00,0.00
2019-05-31,21.9,11.6,17.2,0.00,0.00
2019-06-01,24.3,13.6,19.6,0.00,0.00
2019-06-02,26.4,14.5,21.5,0.00,0.00
2019-06-03,26.3,17.2,20.9,0.30,0.00
2019-06-04,28.2,14.8,21.9,0.00,0.00
2019-06-05,26.5,16.2,21.4,7.50,0.00
2019-06-06,17.4,9.5,11.7,5.40,0.00
2019-06-07,22.8,8.4,14.6,7.50,0.00
2019-06-08,20.4,11.0,14.9,0.60,0.00
2019-06-09,18.8,11.2,14.7,4.50,0.00
2019-06-10,17.7,12.3,15.1,19.50,0.00
2019-06-11,15.6,11.1,13.6,7.30,0.00
2019-06-12,17.9,11.5,14.2,12.90,0.00
2019-06-13,21.9,12.3,16.5,2.60,0.00
2019-06-14,23.6,13.6,18.3,0.00,0.00
2019-06-15,20.9,14.1,17.7,4.90,0.00
2019-06-16,19.3,12.7,16.3,7.60,0.00
2019-06-17,23.6,13.4,18.5,0.00,0.00
2019-06-18,26.7,15.2,21.4,0.10,0.00
2019-06-19,27.0,16.7,22.4,0.20,0.00
2019-06-20,21.7,15.6,18.6,13.90,0.00
2019-06-21,21.9,13.4,17.4,2.00,0.00
2019-06-22,20.6,15.1,17.6,5.70,0.00
2019-06-23,24.4,14.7,19.6,0.10,0.00
2019-06-24,29.0,15.6,22.7,0.00,0.00
2019-06-25,32.0,18.3,25.6,0.00,0.00
2019-06-26,33.2,24.5,28.8,0.00,0.00
2019-06-27,31.6,22.0,27.7,0.00,0.00
2019-06-28,28.7,20.7,24.4,0.00,0.00
2019-06-29,30.5,18.9,24.4,0.00,0.00
2019-06-30,34.1,20.0,27.2,0.00,0.00
2019-07-01,31.0,19.7,25.0,5.70,0.00
2019-07-02,25.9,18.0,21.4,0.80,0.00
2019-07-03,24.9,16.6,20.4,0.30,0.00
2019-07-04,26.4,16.3,21.0,0.00,0.00
2019-07-05,29.0,16.4,23.3,0.00,0.00
2019-07-06,29.6,17.8,22.7,2.00,0.00
2019-07-07,26.6,18.0,21.2,7.90,0.00
2019-07-08,21.5,14.5,17.6,0.30,0.00
2019-07-09,21.0,11.7,16.4,0.00,0.00
2019-07-10,21.7,11.5,16.7,0.00,0.00
2019-07-11,20.8,14.5,18.1,1.80,0.00
2019-07-12,22.8,13.9,18.6,2.50,0.00
2019-07-13,21.1,13.7,17.6,0.60,0.00
2019-07-14,21.3,14.2,17.0,13.20,0.00
2019-07-15,19.3,11.9,15.6,8.50,0.00
2019-07-16,24.6,11.0,18.8,0.00,0.00
2019-07-17,26.0,15.3,21.6,0.00,0.00
2019-07-18,25.5,16.6,21.6,0.00,0.00
2019-07-19,26.0,18.1,22.0,0.50,0.00
2019-07-20,28.8,17.2,23.5,0.40,0.00
2019-07-21,25.8,19.1,22.2,22.50,0.00
2019-07-22,28.7,18.9,24.4,0.00,0.00
2019-07-23,31.9,19.3,25.6,0.00,0.00
2019-07-24,34.8,20.8,28.5,0.00,0.00
2019-07-25,34.9,24.4,30.5,0.00,0.00
2019-07-26,32.5,23.5,28.1,0.00,0.00
2019-07-27,24.5,18.3,21.0,16.60,0.00
2019-07-28,19.0,15.9,17.1,19.10,0.00
2019-07-29,22.6,13.8,18.7,0.00,0.00
2019-07-30,26.5,16.0,20.9,2.20,0.00
2019-07-31,21.0,16.4,18.5,4.60,0.00
2019-08-01,25.0,13.8,19.7,0.00,0.00
2019-08-02,23.7,16.2,20.0,1.50,0.00
2019-08-03,24.2,14.9,19.7,0.00,0.00
2019-08-04,27.0,15.5,21.4,0.00,0.00
2019-08-05,29.2,19.2,23.9,0.20,0.00
2019-08-06,26.3,18.5,21.6,10.90,0.00
2019-08-07,20.2,17.4,19.0,16.70,0.00
2019-08-08,25.9,15.1,20.6,0.50,0.00
2019-08-09,30.6,18.1,24.3,4.50,0.00
2019-08-10,23.9,17.5,21.0,15.20,0.00
2019-08-11,26.3,14.3,20.1,7.00,0.00
2019-08-12,18.6,13.5,15.7,3.70,0.00
2019-08-13,18.4,12.8,15.5,0.20,0.00
2019-08-14,21.0,10.7,16.3,0.00,0.00
2019-08-15,21.2,13.4,16.7,3.30,0.00
2019-08-16,23.4,12.5,17.9,0.00,0.00
2019-08-17,25.7,15.2,20.3,0.00,0.00
2019-08-18,30.3,18.1,23.3,4.50,0.00
2019-08-19,21.5,16.7,18.9,20.70,0.00
2019-08-20,16.8,14.2,15.4,21.00,0.00
2019-08-21,19.6,9.3,15.0,0.00,0.00
2019-08-22,22.3,12.1,17.0,0.00,0.00
2019-08-23,22.0,12.3,17.6,0.00,0.00
2019-08-24,25.1,12.9,19.6,0.00,0.00
2019-08-25,26.8,14.3,22.0,0.00,0.00
2019-08-26,27.4,16.7,23.4,0.00,0.00
2019-08-27,28.4,16.7,23.0,0.00,0.00
2019-08-28,28.1,18.6,22.7,4.50,0.00
2019-08-29,26.5,18.8,21.8,6.80,0.00
2019-08-30,26.6,16.6,22.1,0.00,0.00
2019-08-31,28.9,17.2,23.4,0.00,0.00
2019-09-01,23.1,16.2,19.7,7.60,0.00
2019-09-02,16.9,13.8,15.2,1.10,0.00
2019-09-03,20.9,11.4,16.5,0.00,0.00
2019-09-04,24.6,12.0,18.8,0.00,0.00
2019-09-05,16.6,12.3,13.8,3.30,0.00
2019-09-06,14.9,11.0,12.9,3.10,0.00
2019-09-07,18.1,11.4,14.2,0.20,0.00
2019-09-08,13.6,10.1,11.3,12.90,0.00
2019-09-09,15.9,8.8,12.0,0.00,0.00
2019-09-10,19.7,8.3,13.9,0.00,0.00
2019-09-11,19.4,9.4,14.9,0.00,0.00
2019-09-12,23.1,11.1,17.6,0.00,0.00
2019-09-13,24.0,14.0,18.8,0.00,0.00
2019-09-14,23.5,13.8,18.6,0.00,0.00
2019-09-15,26.5,14.4,20.8,0.00,0.00
2019-09-16,26.9,15.5,21.4,0.00,0.00
2019-09-17,21.8,14.7,17.7,0.10,0.00
2019-09-18,18.3,11.3,14.5,0.00,0.00
2019-09-19,16.9,8.8,12.5,0.00,0.00
2019-09-20,18.0,7.2,12.3,0.00,0.00
2019-09-21,23.1,7.6,15.3,0.00,0.00
2019-09-22,24.4,13.4,18.6,0.30,0.00
2019-09-23,17.4,12.1,14.8,7.40,0.00
2019-09-24,16.0,9.6,13.2,0.60,0.00
2019-09-25,17.2,11.9,14.2,1.80,0.00
2019-09-26,17.9,12.8,15.2,2.80,0.00
2019-09-27,20.8,13.9,16.8,5.20,0.00
2019-09-28,18.4,11.7,14.8,3.90,0.00
2019-09-29,22.6,10.1,16.2,0.20,0.00
2019-09-30,18.9,11.1,15.0,1.20,0.00
2019-10-01,22.4,10.8,15.4,9.90,0.00
2019-10-02,15.2,7.9,12.6,8.50,0.00
2019-10-03,12.4,5.5,8.9,0.10,0.00
2019-10-04,13.2,6.1,9.9,5.50,0.00
2019-10-05,12.7,10.1,11.1,3.40,0.00
2019-10-06,13.7,9.8,11.6,11.50,0.00
2019-10-07,13.1,6.5,10.0,1.60,0.00
2019-10-08,17.1,6.8,12.5,0.60,0.00
2019-10-09,17.2,10.1,12.2,23.20,0.00
2019-10-10,13.4,9.4,11.1,1.30,0.00
2019-10-11,17.6,5.9,11.6,0.00,0.00
2019-10-12,20.0,9.8,14.6,0.10,0.00
2019-10-13,22.2,13.6,17.7,0.00,0.00
2019-10-14,22.2,11.4,16.1,0.00,0.00
2019-10-15,16.9,10.2,13.0,17.20,0.00
2019-10-16,15.3,6.9,11.0,0.00,0.00
2019-10-17,17.1,9.7,12.8,3.80,0.00
2019-10-18,16.6,11.6,13.6,5.00,0.00
2019-10-19,14.2,10.4,12.1,22.00,0.00
2019-10-20,20.2,9.9,14.2,1.90,0.00
2019-10-21,14.8,11.8,13.2,19.40,0.00
2019-10-22,15.3,10.4,12.8,2.00,0.00
2019-10-23,19.4,11.1,14.1,0.00,0.00
2019-10-24,17.1,10.8,13.3,1.50,0.00
2019-10-25,17.2,8.6,13.0,0.00,0.00
2019-10-26,18.4,8.1,12.7,0.00,0.00
2019-10-27,18.8,9.9,14.0,2.10,0.00
2019-10-28,13.2,9.0,10.8,6.50,0.00
2019-10-29,9.9,8.0,8.8,8.80,0.00
2019-10-30,8.6,7.0,7.7,4.30,0.00
2019-10-31,10.4,6.4,8.0,1.80,0.00
2019-11-01,13.8,8.3,11.0,1.70,0.00
2019-11-02,15.1,11.5,13.2,6.90,0.00
2019-11-03,11.5,8.5,10.3,11.40,0.00
2019-11-04,12.9,8.6,10.1,8.00,0.00
2019-11-05,11.4,6.2,8.4,2.40,0.00
2019-11-06,8.5,4.7,6.9,2.40,0.00
2019-11-07,7.9,4.0,5.7,1.60,0.00
2019-11-08,6.3,3.2,4.7,5.30,0.07
2019-11-09,7.4,0.8,3.9,0.80,0.00
2019-11-10,7.5,0.1,3.3,0.00,0.00
2019-11-11,7.3,0.5,3.5,0.70,0.00
2019-11-12,7.9,1.8,4.7,1.60,0.00
2019-11-13,5.9,1.8,3.8,0.30,0.49
2019-11-14,6.2,0.1,2.6,0.00,0.00
2019-11-15,6.1,0.9,3.2,0.30,2.03
2019-11-16,7.1,1.1,3.9,0.20,0.49
2019-11-17,3.7,0.4,2.3,0.10,5.74
2019-11-18,7.0,0.1,3.0,0.60,2.94
2019-11-19,5.3,-0.1,3.2,0.00,0.00
2019-11-20,5.4,2.3,3.7,0.00,0.00
2019-11-21,9.1,1.3,4.0,1.60,0.00
2019-11-22,8.2,1.9,4.4,1.90,0.14
2019-11-23,12.2,3.4,7.7,0.00,0.00
2019-11-24,11.2,4.6,7.6,0.00,0.00
2019-11-25,10.1,5.8,7.5,0.10,0.00
2019-11-26,10.1,4.8,7.3,0.00,0.00
2019-11-27,11.2,5.5,8.4,7.20,0.00
2019-11-28,8.8,6.4,7.7,9.20,0.00
2019-11-29,7.6,4.7,6.3,12.40,0.00
2019-11-30,6.2,1.5,3.7,0.50,0.00
2019-12-01,4.6,0.4,2.5,1.40,1.05
2019-12-02,4.2,-1.2,1.2,0.80,0.14
2019-12-03,3.2,-2.0,0.2,0.00,0.00
2019-12-04,4.2,-2.7,-0.2,0.00,0.00
2019-12-05,9.6,-1.5,2.0,0.00,0.00
2019-12-06,10.1,-1.3,3.3,0.00,0.00
2019-12-07,9.0,4.0,6.2,1.70,0.00
2019-12-08,9.6,3.0,6.3,3.10,0.00
2019-12-09,8.2,3.0,5.0,9.10,2.38
2019-12-10,4.9,-1.9,1.8,0.60,1.61
2019-12-11,5.4,-2.4,1.4,0.80,1.89
2019-12-12,3.2,-0.7,1.7,0.20,1.47
2019-12-13,4.9,0.1,2.6,3.20,5.46
2019-12-14,8.7,1.8,6.0,1.30,0.84
2019-12-15,12.9,6.6,9.5,1.00,0.00
2019-12-16,10.7,4.5,7.1,0.10,0.00
2019-12-17,13.0,5.1,8.1,0.00,0.00
2019-12-18,12.8,5.0,8.4,0.90,0.00
2019-12-19,11.8,3.5,6.9,0.00,0.00
2019-12-20,10.3,3.7,6.6,8.90,0.00
2019-12-21,7.2,3.3,5.1,3.30,0.07
2019-12-22,6.9,4.3,5.5,10.50,0.84
2019-12-23,5.4,3.5,4.4,7.50,0.98
2019-12-24,8.8,3.8,5.7,5.60,0.77
2019-12-25,7.1,1.6,5.4,2.90,0.00
2019-12-26,4.5,-0.1,2.2,1.70,0.91
2019-12-27,6.6,3.3,5.1,11.20,1.75
2019-12-28,5.7,0.1,3.6,0.10,0.00
2019-12-29,4.3,-2.9,0.4,0.00,0.00
2019-12-30,6.8,-2.1,1.1,0.00,0.00
2019-12-31,11.2,-1.2,2.8,0.00,0.00
2020-01-01,6.4,-2.0,0.6,0.00,0.00
2020-01-02,7.3,-2.7,0.7,0.00,0.00
2020-01-03,8.3,0.1,3.4,0.20,0.00
2020-01-04,5.7,0.5,3.9,1.30,0.00
2020-01-05,5.4,0.6,2.5,0.00,0.00
2020-01-06,7.7,-1.0,1.8,0.00,0.00
2020-01-07,7.0,-0.6,3.6,0.00,0.00
2020-01-08,6.7,0.7,3.1,0.00,0.00
2020-01-09,9.1,2.9,5.1,0.00,0.00
2020-01-10,9.4,4.6,6.1,2.60,0.00
2020-01-11,6.8,2.5,4.4,0.00,0.00
2020-01-12,7.0,-0.5,2.6,0.00,0.00
2020-01-13,6.0,0.2,3.1,0.00,0.00
2020-01-14,8.2,0.5,3.5,0.00,0.00
2020-01-15,9.4,2.9,5.5,0.00,0.00
2020-01-16,11.3,2.5,6.0,0.00,0.00
2020-01-17,7.7,1.2,3.6,6.60,0.00
2020-01-18,5.3,0.8,3.2,0.60,0.00
2020-01-19,2.0,-1.0,0.6,0.00,1.61
2020-01-20,2.7,-1.0,0.3,0.00,0.00
2020-01-21,5.5,-3.4,0.2,0.00,0.00
2020-01-22,7.5,-2.7,1.3,0.00,0.00
2020-01-23,4.6,-4.6,-1.1,0.00,0.00
2020-01-24,12.0,-3.2,3.3,0.00,0.00
2020-01-25,8.9,0.4,3.2,0.00,0.00
2020-01-26,9.5,0.5,3.3,0.70,0.00
2020-01-27,6.9,2.0,4.4,2.30,0.00
2020-01-28,5.8,2.7,4.4,8.40,2.38
2020-01-29,4.2,2.2,3.2,1.70,6.86
2020-01-30,8.2,1.7,4.8,3.50,0.00
2020-01-31,13.5,6.3,8.9,0.50,0.00
2020-02-01,12.9,6.4,9.1,2.80,0.00
2020-02-02,11.7,8.0,9.9,7.30,0.00
2020-02-03,12.3,10.7,11.4,7.40,0.00
2020-02-04,13.6,0.7,4.8,5.40,4.27
2020-02-05,4.0,0.0,2.0,0.10,1.33
2020-02-06,6.1,-1.7,1.8,0.00,0.00
2020-02-07,8.1,-0.4,2.4,0.00,0.00
2020-02-08,10.7,-1.1,3.9,0.00,0.00
2020-02-09,10.3,1.4,6.2,0.00,0.00
2020-02-10,10.9,7.0,8.9,9.60,0.00
2020-02-11,7.8,2.6,4.6,14.30,4.55
2020-02-12,6.5,1.1,3.5,0.00,0.42
2020-02-13,7.3,0.7,4.2,7.10,1.68
2020-02-14,7.6,3.8,5.5,3.10,0.00
2020-02-15,11.5,1.8,6.4,0.00,0.00
2020-02-16,14.4,5.6,10.2,0.00,0.00
2020-02-17,11.5,5.8,9.0,8.00,0.00
2020-02-18,7.9,2.4,4.7,0.40,0.00
2020-02-19,4.9,2.0,3.4,1.80,1.75
2020-02-20,11.0,1.3,5.7,0.00,0.00
2020-02-21,8.3,1.7,5.3,1.80,0.00
2020-02-22,13.4,1.4,6.6,0.00,0.00
2020-02-23,15.6,7.9,11.1,0.00,0.00
2020-02-24,16.3,9.7,12.2,1.40,0.00
2020-02-25,10.8,5.9,7.9,5.80,0.77
2020-02-26,5.3,-0.3,2.1,0.60,3.78
2020-02-27,4.9,-0.5,1.7,1.40,5.32
2020-02-28,7.6,-0.6,3.0,0.00,0.42
2020-02-29,13.3,3.8,7.9,5.10,0.00
2020-03-01,11.4,4.8,7.5,7.00,0.00
2020-03-02,7.3,2.2,4.3,5.10,2.24
2020-03-03,5.8,1.2,3.4,1.50,2.17
2020-03-04,8.3,-0.9,3.4,0.00,0.00
2020-03-05,7.6,2.3,5.7,24.80,0.00
2020-03-06,6.3,2.6,4.4,3.20,1.61
2020-03-07,6.1,1.0,3.3,0.10,1.05
2020-03-08,9.6,0.4,4.4,0.20,0.00
2020-03-09,7.3,2.1,5.1,6.80,0.49
2020-03-10,7.5,1.0,4.4,2.90,0.49
2020-03-11,14.7,7.8,10.5,0.30,0.00
2020-03-12,16.3,5.8,10.3,0.20,0.00
2020-03-13,9.8,4.1,7.1,1.00,0.00
2020-03-14,9.0,2.8,5.7,0.00,0.00
2020-03-15,13.3,1.6,7.4,0.00,0.00
2020-03-16,16.3,3.1,10.1,0.00,0.00
2020-03-17,16.1,6.2,11.3,0.00,0.00
2020-03-18,17.5,5.5,12.4,0.00,0.00
2020-03-19,18.5,6.1,12.2,0.00,0.00
2020-03-20,17.2,7.0,12.4,1.90,0.00
2020-03-21,9.9,3.6,7.2,1.30,0.00
2020-03-22,7.2,1.0,3.7,0.00,0.00
2020-03-23,6.6,-3.5,1.3,0.00,0.00
2020-03-24,7.0,-3.5,1.3,0.00,0.00
2020-03-25,6.8,-2.3,1.9,0.00,0.00
2020-03-26,7.7,-3.0,2.1,0.00,0.00
2020-03-27,11.8,0.9,5.2,0.00,0.00
2020-03-28,14.6,2.3,8.6,0.00,0.00
2020-03-29,6.8,1.6,3.5,0.10,6.02
2020-03-30,3.7,-0.3,1.6,0.00,3.15
2020-03-31,7.9,-1.6,2.7,0.00,0.00
2020-04-01,10.2,-1.8,3.9,0.00,0.00
2020-04-02,12.9,1.3,7.4,0.00,0.00
2020-04-03,11.4,1.1,6.0,0.00,0.00
2020-04-04,13.9,3.7,8.5,0.00,0.00
2020-04-05,17.9,2.0,10.3,0.00,0.00
2020-04-06,18.8,4.2,12.2,0.00,0.00
2020-04-07,19.9,8.1,15.2,0.00,0.00
2020-04-08,20.2,7.9,15.3,0.00,0.00
2020-04-09,20.2,12.0,16.2,0.00,0.00
2020-04-10,20.6,12.0,16.6,0.00,0.00
2020-04-11,20.9,9.8,16.4,0.00,0.00
2020-04-12,20.8,10.6,16.6,0.00,0.00
2020-04-13,18.9,6.6,13.8,0.10,0.00
2020-04-14,11.4,2.5,6.9,0.10,0.00
2020-04-15,18.5,1.0,9.6,0.00,0.00
2020-04-16,22.0,6.5,14.3,0.00,0.00
2020-04-17,22.8,10.2,16.6,0.00,0.00
2020-04-18,21.9,11.1,16.6,0.20,0.00
2020-04-19,20.9,11.6,16.5,0.30,0.00
2020-04-20,18.3,10.4,14.2,2.40,0.00
2020-04-21,17.7,9.2,13.7,0.00,0.00
2020-04-22,21.0,7.9,14.5,0.00,0.00
2020-04-23,21.4,8.7,15.5,0.00,0.00
2020-04-24,21.2,11.1,16.7,0.00,0.00
2020-04-25,20.9,11.0,16.0,0.60,0.00
2020-04-26,19.4,10.4,14.2,3.50,0.00
2020-04-27,20.2,7.9,14.7,0.00,0.00
2020-04-28,15.6,10.6,13.0,9.90,0.00
2020-04-29,14.2,7.9,11.2,6.10,0.00
2020-04-30,11.3,8.8,10.1,8.40,0.00
2020-05-01,13.0,7.9,9.9,16.70,0.00
2020-05-02,13.0,7.3,9.8,18.10,0.00
2020-05-03,16.0,5.4,10.8,0.00,0.00
2020-05-04,20.7,9.9,15.1,0.50,0.00
2020-05-05,15.2,10.6,12.4,18.30,0.00
2020-05-06,13.6,8.7,11.1,0.00,0.00
2020-05-07,20.1,6.6,13.4,0.00,0.00
2020-05-08,24.2,11.5,17.9,0.00,0.00
2020-05-09,24.4,11.7,18.3,1.20,0.00
2020-05-10,22.7,14.5,17.9,1.90,0.00
2020-05-11,16.1,2.8,10.5,21.00,2.10
2020-05-12,12.1,2.9,7.1,0.80,0.63
2020-05-13,11.4,6.9,9.2,8.70,0.00
2020-05-14,11.7,8.4,9.6,5.70,0.00
2020-05-15,11.9,7.2,9.5,2.50,0.00
2020-05-16,17.0,4.9,11.7,0.00,0.00
2020-05-17,18.1,7.5,13.2,0.00,0.00
2020-05-18,20.8,8.6,15.3,0.00,0.00
2020-05-19,21.5,12.0,17.1,0.00,0.00
2020-05-20,21.6,13.1,17.7,0.00,0.00
2020-05-21,23.4,12.9,18.9,0.00,0.00
2020-05-22,25.3,14.3,20.7,0.00,0.00
2020-05-23,20.0,9.5,14.9,22.70,0.00
2020-05-24,16.9,6.3,12.1,0.10,0.00
2020-05-25,17.2,8.5,13.8,0.10,0.00
2020-05-26,19.9,11.0,15.2,0.00,0.00
2020-05-27,20.5,10.6,15.7,0.00,0.00
2020-05-28,20.2,12.0,16.9,0.20,0.00
2020-05-29,18.7,10.0,14.7,0.00,0.00
2020-05-30,19.1,10.2,14.6,0.00,0.00
2020-05-31,20.7,10.0,15.3,0.00,0.00
2020-06-01,23.3,10.5,17.2,0.00,0.00
2020-06-02,24.5,13.7,19.9,0.00,0.00
2020-06-03,24.3,14.4,18.8,4.70,0.00
2020-06-04,17.8,12.5,15.0,10.20,0.00
2020-06-05,15.1,10.1,12.7,1.80,0.00
2020-06-06,16.8,12.6,14.4,12.20,0.00
2020-06-07,13.5,10.6,12.3,16.80,0.00
2020-06-08,16.2,9.8,13.1,2.40,0.00
2020-06-09,13.9,10.0,12.0,7.80,0.00
2020-06-10,15.8,11.5,13.3,5.10,0.00
2020-06-11,18.8,10.6,14.9,1.60,0.00
2020-06-12,25.0,10.4,17.5,0.40,0.00
2020-06-13,21.0,12.6,16.4,31.70,0.00
2020-06-14,17.3,13.2,15.2,8.00,0.00
2020-06-15,18.4,13.3,15.9,1.70,0.00
2020-06-16,20.3,13.5,16.4,8.70,0.00
2020-06-17,15.8,12.0,14.1,18.60,0.00
2020-06-18,18.5,9.7,14.4,8.10,0.00
2020-06-19,17.4,11.4,14.2,1.30,0.00
2020-06-20,20.2,10.8,15.8,0.50,0.00
2020-06-21,22.1,12.4,17.7,0.20,0.00
2020-06-22,21.7,15.2,17.9,0.40,0.00
2020-06-23,24.9,14.2,19.9,0.00,0.00
2020-06-24,26.7,16.4,21.4,0.00,0.00
2020-06-25,26.8,15.1,21.2,0.00,0.00
2020-06-26,26.4,17.2,21.2,6.50,0.00
2020-06-27,26.1,17.4,21.9,1.20,0.00
2020-06-28,23.9,16.5,20.1,13.00,0.00
2020-06-29,22.5,15.0,17.5,19.20,0.00
2020-06-30,23.9,13.0,18.7,0.00,0.00
2020-07-01,26.9,16.4,21.5,4.90,0.00
2020-07-02,19.8,16.8,18.4,6.50,0.00
2020-07-03,19.5,13.9,16.7,0.50,0.00
2020-07-04,23.8,13.2,18.5,0.00,0.00
2020-07-05,25.2,15.8,20.5,0.30,0.00
2020-07-06,19.1,14.3,17.4,1.70,0.00
2020-07-07,21.3,10.8,16.4,0.00,0.00
2020-07-08,25.3,12.4,19.4,0.00,0.00
2020-07-09,28.6,16.3,22.9,0.00,0.00
2020-07-10,27.7,17.4,22.3,7.30,0.00
2020-07-11,20.6,15.0,17.3,10.10,0.00
2020-07-12,22.8,13.3,18.0,0.00,0.00
2020-07-13,23.8,13.1,18.8,0.00,0.00
2020-07-14,23.9,14.3,19.9,0.10,0.00
2020-07-15,20.2,15.2,16.9,3.80,0.00
2020-07-16,17.2,14.2,15.3,4.20,0.00
2020-07-17,18.2,14.0,15.9,3.70,0.00
2020-07-18,22.7,12.3,18.4,0.10,0.00
2020-07-19,25.4,15.3,21.0,0.00,0.00
2020-07-20,27.2,16.6,22.9,0.00,0.00
2020-07-21,25.8,16.2,20.9,7.00,0.00
2020-07-22,25.8,17.2,20.8,5.10,0.00
2020-07-23,26.4,15.0,21.4,0.00,0.00
2020-07-24,21.6,16.2,18.6,3.20,0.00
2020-07-25,24.4,14.5,19.9,0.30,0.00
2020-07-26,24.6,17.6,20.5,2.50,0.00
2020-07-27,29.1,15.9,23.0,0.00,0.00
2020-07-28,28.7,19.7,23.0,10.30,0.00
2020-07-29,27.0,16.4,21.6,0.00,0.00
2020-07-30,30.8,17.0,23.8,0.00,0.00
2020-07-31,33.6,19.5,27.1,0.60,0.00
2020-08-01,30.8,21.0,26.3,0.20,0.00
2020-08-02,25.3,17.7,20.1,11.80,0.00
2020-08-03,17.3,13.9,16.0,13.20,0.00
2020-08-04,18.2,12.2,14.6,7.50,0.00
2020-08-05,23.1,9.8,16.8,0.00,0.00
2020-08-06,25.8,12.6,19.7,0.00,0.00
2020-08-07,29.0,15.6,23.1,0.00,0.00
2020-08-08,30.4,17.8,24.8,0.00,0.00
2020-08-09,30.6,18.3,25.3,0.00,0.00
2020-08-10,30.6,19.1,25.4,1.00,0.00
2020-08-11,30.1,19.1,25.0,0.10,0.00
2020-08-12,30.4,20.3,25.4,0.90,0.00
2020-08-13,27.9,19.3,23.5,0.90,0.00
2020-08-14,23.1,17.7,19.6,18.50,0.00
2020-08-15,26.5,15.8,21.2,0.20,0.00
2020-08-16,28.1,16.4,22.8,0.20,0.00
2020-08-17,22.8,17.0,19.3,16.70,0.00
2020-08-18,22.8,14.6,18.7,0.50,0.00
2020-08-19,25.9,13.7,19.8,0.50,0.00
2020-08-20,30.5,19.1,24.3,0.60,0.00
2020-08-21,32.0,20.9,26.2,0.00,0.00
2020-08-22,23.1,18.7,20.8,2.50,0.00
2020-08-23,21.9,17.2,18.8,0.10,0.00
2020-08-24,21.5,15.2,18.1,0.00,0.00
2020-08-25,25.0,12.8,19.3,0.00,0.00
2020-08-26,25.3,17.1,20.8,0.30,0.00
2020-08-27,25.1,13.2,19.2,0.00,0.00
2020-08-28,23.5,15.4,18.2,12.90,0.00
2020-08-29,16.0,13.2,14.6,3.60,0.00
2020-08-30,14.6,9.9,12.8,17.20,0.00
2020-08-31,17.7,9.4,13.8,1.50,0.00
2020-09-01,17.5,11.6,14.2,2.50,0.00
2020-09-02,19.0,10.7,14.8,0.10,0.00
2020-09-03,21.7,11.1,16.9,0.00,0.00
2020-09-04,26.5,13.7,19.8,0.00,0.00
2020-09-05,25.7,15.4,20.3,0.10,0.00
2020-09-06,16.9,13.1,14.7,1.80,0.00
2020-09-07,18.2,10.0,14.4,0.20,0.00
2020-09-08,22.2,12.1,16.9,0.00,0.00
2020-09-09,25.2,11.2,18.8,0.00,0.00
2020-09-10,24.2,16.5,19.5,0.00,0.00
2020-09-11,24.2,14.3,19.0,0.00,0.00
2020-09-12,26.1,14.4,20.8,0.00,0.00
2020-09-13,26.5,15.0,21.7,0.00,0.00
2020-09-14,29.0,15.0,22.1,0.00,0.00
2020-09-15,28.3,17.3,23.3,0.20,0.00
2020-09-16,27.2,18.3,22.9,0.60,0.00
2020-09-17,25.1,15.0,20.1,0.70,0.00
2020-09-18,24.9,16.4,19.8,0.00,0.00
2020-09-19,23.8,13.8,18.4,0.30,0.00
2020-09-20,24.6,14.7,18.6,1.80,0.00
2020-09-21,22.7,14.8,18.1,1.00,0.00
2020-09-22,21.6,14.0,17.5,2.80,0.00
2020-09-23,19.7,14.6,16.4,10.60,0.00
2020-09-24,19.8,14.6,16.4,18.30,0.00
2020-09-25,14.4,7.0,10.0,9.50,0.00
2020-09-26,9.0,6.0,7.2,6.50,0.00
2020-09-27,9.8,6.6,7.7,3.10,0.00
2020-09-28,12.9,5.3,9.4,1.70,0.00
2020-09-29,14.2,9.4,11.5,5.40,0.00
2020-09-30,17.8,9.8,13.1,0.00,0.00
2020-10-01,18.3,9.9,12.7,4.60,0.00
2020-10-02,16.7,10.0,13.0,1.70,0.00
2020-10-03,13.2,7.6,9.9,26.60,0.00
2020-10-04,15.8,9.1,11.4,4.80,0.00
2020-10-05,11.3,7.9,9.7,3.70,0.00
2020-10-06,14.2,9.2,11.5,11.50,0.00
2020-10-07,11.0,8.5,9.9,2.80,0.00
2020-10-08,17.4,8.8,12.4,0.00,0.00
2020-10-09,18.6,9.2,13.5,0.00,0.00
2020-10-10,12.6,7.4,10.4,11.70,0.00
2020-10-11,10.6,3.4,7.0,4.40,0.00
2020-10-12,9.0,2.9,6.0,0.50,0.00
2020-10-13,10.6,2.9,6.8,0.00,0.00
2020-10-14,10.5,4.5,7.2,0.10,0.00
2020-10-15,8.1,5.0,6.3,4.40,0.00
2020-10-16,9.5,7.0,7.8,5.70,0.00
2020-10-17,9.8,6.8,7.7,1.00,0.00
2020-10-18,10.2,6.0,7.5,0.50,0.00
2020-10-19,12.2,3.5,7.9,0.00,0.00
2020-10-20,16.4,5.4,10.8,0.00,0.00
2020-10-21,16.5,9.2,12.8,0.00,0.00
2020-10-22,18.3,9.6,13.3,3.90,0.00
2020-10-23,13.9,11.7,12.5,25.30,0.00
2020-10-24,14.9,8.1,11.9,0.90,0.00
2020-10-25,15.8,7.5,11.1,0.00,0.00
2020-10-26,11.9,5.6,7.6,23.20,0.00
2020-10-27,10.1,4.9,7.1,0.80,0.00
2020-10-28,12.9,7.6,9.9,2.00,0.00
2020-10-29,11.6,9.2,10.3,4.70,0.00
2020-10-30,16.0,9.3,11.9,0.00,0.00
2020-10-31,16.1,5.9,10.0,0.00,0.00
2020-11-01,14.4,6.7,11.1,2.70,0.00
2020-11-02,19.9,12.9,15.7,1.70,0.00
2020-11-03,15.2,9.2,11.5,9.10,0.00
2020-11-04,9.1,6.2,7.0,4.60,0.00
2020-11-05,9.1,5.7,7.5,0.00,0.00
2020-11-06,12.3,4.9,7.9,0.00,0.00
2020-11-07,14.1,4.7,8.6,0.00,0.00
2020-11-08,15.7,6.0,10.1,0.00,0.00
2020-11-09,16.2,6.9,10.5,0.30,0.00
2020-11-10,14.3,6.3,9.3,0.00,0.00
2020-11-11,12.3,7.0,9.5,0.00,0.00
2020-11-12,13.4,7.5,9.9,0.00,0.00
2020-11-13,13.7,5.5,9.5,0.00,0.00
2020-11-14,14.7,5.3,9.6,0.00,0.00
2020-11-15,14.0,5.6,9.6,1.50,0.00
2020-11-16,11.8,4.7,8.8,7.30,0.00
2020-11-17,10.9,4.2,7.5,0.00,0.00
2020-11-18,14.0,4.0,7.7,0.00,0.00
2020-11-19,11.8,4.6,7.5,3.20,0.00
2020-11-20,5.3,2.0,4.4,1.70,0.00
2020-11-21,5.3,-1.3,1.5,0.00,0.00
2020-11-22,9.0,-1.5,3.0,0.00,0.00
2020-11-23,9.9,0.3,4.2,0.00,0.00
2020-11-24,7.6,-1.3,2.4,0.00,0.00
2020-11-25,9.8,0.5,3.1,0.00,0.00
2020-11-26,10.8,1.0,3.6,0.00,0.00
2020-11-27,9.4,-0.6,3.3,0.00,0.00
2020-11-28,6.0,-2.1,0.5,0.00,0.00
2020-11-29,1.8,-0.8,0.3,0.00,0.00
2020-11-30,2.8,-1.7,0.1,0.00,0.00
2020-12-01,3.0,-1.0,1.5,0.80,5.46
2020-12-02,2.3,0.3,1.2,0.00,0.49
2020-12-03,3.4,-0.4,1.3,0.00,0.00
2020-12-04,3.6,-0.2,1.7,0.00,4.55
2020-12-05,4.2,0.0,1.9,0.00,5.18
2020-12-06,4.3,1.3,2.2,0.20,5.95
2020-12-07,3.7,-0.4,1.7,0.00,1.68
2020-12-08,4.2,-0.2,1.5,0.00,0.28
2020-12-09,2.7,-0.5,1.0,0.10,2.73
2020-12-10,1.6,-2.3,-0.5,0.00,0.00
2020-12-11,4.0,-1.8,0.8,0.40,2.10
2020-12-12,4.9,1.3,3.3,5.90,1.54
2020-12-13,6.5,1.4,3.9,1.80,0.14
2020-12-14,8.3,2.1,4.2,0.00,0.00
2020-12-15,7.6,2.9,5.6,8.20,0.00
2020-12-16,9.0,3.8,6.1,1.80,0.00
2020-12-17,9.5,4.0,6.2,0.00,0.00
2020-12-18,9.6,3.5,6.1,0.70,0.00
2020-12-19,7.4,2.1,4.6,0.00,0.00
2020-12-20,8.2,4.3,5.9,1.30,0.00
2020-12-21,8.4,3.4,6.1,4.60,0.00
2020-12-22,12.2,8.7,10.2,1.10,0.00
2020-12-23,12.2,7.9,9.9,1.40,0.00
2020-12-24,9.6,2.4,6.9,16.60,0.49
2020-12-25,2.1,-0.9,1.0,0.00,4.13
2020-12-26,1.4,-2.1,-0.7,0.00,0.00
2020-12-27,4.2,-3.8,-0.2,0.10,0.56
2020-12-28,3.6,0.6,1.9,0.40,8.12
2020-12-29,4.0,-0.9,2.2,0.10,6.37
2020-12-30,3.3,-3.4,0.8,0.00,1.40
2020-12-31,2.4,-1.1,0.6,0.00,0.84
2021-01-01,2.1,0.1,1.0,0.00,9.38
2021-01-02,1.1,-0.7,0.2,0.00,0.98
2021-01-03,-0.2,-3.2,-1.1,0.00,1.68
2021-01-04,0.2,-4.1,-1.8,0.00,0.00
2021-01-05,-0.6,-2.9,-1.7,0.00,0.00
2021-01-06,0.0,-2.6,-1.1,0.00,1.54
2021-01-07,1.4,-6.9,-1.1,0.00,0.28
2021-01-08,0.7,-8.2,-3.3,0.00,0.07
2021-01-09,-0.6,-8.6,-3.7,0.00,0.00
2021-01-10,-1.2,-5.5,-3.2,0.00,0.00
2021-01-11,-1.2,-8.0,-4.5,0.00,0.00
2021-01-12,3.0,-10.7,-1.2,0.20,9.38
2021-01-13,4.6,1.2,2.7,5.20,2.31
2021-01-14,5.3,1.2,3.2,13.60,13.51
2021-01-15,3.6,-4.9,-0.1,2.40,4.55
2021-01-16,-1.6,-7.9,-4.0,0.00,0.77
2021-01-17,2.3,-1.1,0.8,0.10,5.39
2021-01-18,3.0,-2.5,0.6,0.00,0.35
2021-01-19,4.6,-7.0,-0.8,0.00,0.00
2021-01-20,6.8,-1.7,2.9,0.00,0.00
2021-01-21,8.1,1.2,5.6,3.70,0.70
2021-01-22,9.6,2.4,6.4,5.60,1.12
2021-01-23,4.6,0.6,2.1,0.00,6.44
2021-01-24,2.3,-4.0,-0.1,0.00,1.33
2021-01-25,1.3,-2.7,-0.2,0.00,4.27
2021-01-26,0.6,-5.4,-1.8,0.00,0.14
2021-01-27,2.6,-6.7,-1.1,0.30,5.53
2021-01-28,8.1,3.0,5.9,20.00,0.00
2021-01-29,9.0,4.9,7.3,19.00,0.98
2021-01-30,6.1,4.6,5.5,8.70,0.00
2021-01-31,8.3,4.1,5.8,0.70,0.00
2021-02-01,7.7,4.8,6.2,10.70,0.28
2021-02-02,10.0,6.4,8.2,3.50,0.00
2021-02-03,11.4,8.1,9.3,20.50,0.00
2021-02-04,9.5,4.0,7.3,4.80,0.84
2021-02-05,11.4,4.3,7.2,1.70,0.00
2021-02-06,10.7,2.7,6.4,1.90,0.00
2021-02-07,7.2,1.9,5.0,3.60,0.00
2021-02-08,3.0,-0.6,1.2,0.00,3.29
2021-02-09,1.2,-1.6,0.2,0.00,2.87
2021-02-10,0.9,-8.0,-2.1,0.00,5.67
2021-02-11,-3.9,-8.3,-6.8,0.00,0.21
2021-02-12,-3.9,-13.1,-7.7,0.00,0.00
2021-02-13,-5.1,-10.3,-8.0,0.00,0.00
2021-02-14,1.2,-14.4,-6.4,0.00,0.00
2021-02-15,6.0,-8.5,0.6,1.00,0.70
2021-02-16,11.7,2.5,6.2,0.60,0.00
2021-02-17,11.1,3.5,7.1,2.40,0.00
2021-02-18,11.4,1.5,6.5,0.00,0.00
2021-02-19,13.2,5.7,8.6,7.80,0.07
2021-02-20,15.0,4.0,8.3,0.00,0.00
2021-02-21,15.2,3.4,8.6,0.00,0.00
2021-02-22,15.9,5.0,9.1,0.00,0.00
2021-02-23,16.6,5.7,11.5,0.00,0.00
2021-02-24,18.1,6.3,11.1,0.00,0.00
2021-02-25,18.1,3.7,10.3,0.00,0.00
2021-02-26,15.6,4.5,9.6,0.50,0.00
2021-02-27,7.6,2.4,5.0,0.60,0.00
2021-02-28,8.6,0.3,3.8,0.00,0.00
2021-03-01,11.9,-1.7,4.5,0.00,0.00
2021-03-02,15.3,1.1,6.8,0.00,0.00
2021-03-03,15.1,3.8,8.8,0.00,0.00
2021-03-04,13.4,2.7,7.9,3.60,0.00
2021-03-05,6.3,2.2,4.1,1.80,0.49
2021-03-06,6.3,-2.0,2.2,0.00,0.00
2021-03-07,9.2,0.9,4.7,1.00,0.00
2021-03-08,8.5,0.6,4.1,0.00,0.00
2021-03-09,7.1,-0.3,3.1,0.00,0.00
2021-03-10,10.2,0.9,5.0,0.00,0.00
2021-03-11,12.8,5.2,9.3,8.40,0.00
2021-03-12,9.6,2.8,6.5,0.80,0.00
2021-03-13,10.5,4.2,6.5,8.80,0.07
2021-03-14,4.7,1.2,2.9,1.60,3.71
2021-03-15,5.4,2.0,3.2,2.40,4.83
2021-03-16,4.3,0.3,2.0,0.10,1.19
2021-03-17,5.0,0.4,2.3,0.50,3.64
2021-03-18,3.2,-0.5,1.1,0.00,0.98
2021-03-19,4.2,-1.8,0.6,0.00,3.50
2021-03-20,1.6,-6.0,-1.7,0.00,0.00
2021-03-21,4.0,-2.6,1.4,0.00,0.00
2021-03-22,3.6,0.8,1.9,0.00,0.07
2021-03-23,9.4,-4.4,3.0,0.00,0.00
2021-03-24,14.5,1.8,8.2,0.00,0.00
2021-03-25,14.8,3.9,9.0,0.30,0.00
2021-03-26,14.9,2.7,9.9,0.50,0.00
2021-03-27,9.9,3.1,7.3,8.40,0.00
2021-03-28,14.3,2.1,8.5,0.00,0.00
2021-03-29,18.8,4.7,12.0,0.00,0.00
2021-03-30,21.1,6.2,14.6,0.00,0.00
2021-03-31,22.5,8.2,15.5,0.00,0.00
2021-04-01,21.9,8.6,15.6,0.00,0.00
2021-04-02,14.8,5.4,10.7,0.00,0.00
2021-04-03,8.2,1.1,4.9,0.00,0.00
2021-04-04,11.7,2.1,6.5,0.00,0.00
2021-04-05,13.7,-0.1,7.1,2.00,2.73
2021-04-06,3.5,-3.7,0.2,0.00,1.26
2021-04-07,2.9,-3.5,-0.4,0.00,2.03
2021-04-08,9.9,-0.9,4.6,0.00,0.00
2021-04-09,15.8,1.2,8.4,0.00,0.00
2021-04-10,15.1,7.4,10.3,0.20,0.00
2021-04-11,17.2,7.6,11.1,7.30,0.00
2021-04-12,6.3,1.0,3.7,2.30,5.95
2021-04-13,5.7,-0.9,2.7,0.10,1.47
2021-04-14,7.9,-1.3,3.1,0.00,0.21
2021-04-15,6.7,-1.1,2.8,0.30,1.05
2021-04-16,8.2,-0.9,3.5,0.00,0.00
2021-04-17,8.6,-0.1,4.4,0.00,0.00
2021-04-18,7.5,2.7,5.3,0.70,0.00
2021-04-19,11.1,3.9,7.3,0.20,0.00
2021-04-20,13.4,3.0,9.1,1.10,0.00
2021-04-21,15.5,4.4,10.4,0.70,0.00
2021-04-22,14.7,6.1,10.0,0.40,0.00
2021-04-23,16.3,5.2,10.3,0.00,0.00
2021-04-24,19.5,5.2,12.7,0.00,0.00
2021-04-25,17.2,5.1,10.9,0.00,0.00
2021-04-26,16.3,6.7,11.1,0.00,0.00
2021-04-27,17.1,5.9,11.1,0.00,0.00
2021-04-28,18.0,8.1,12.8,1.90,0.00
2021-04-29,13.8,9.2,11.5,6.20,0.00
2021-04-30,9.6,5.4,7.0,10.40,0.21
2021-05-01,7.7,4.2,6.5,12.20,0.00
2021-05-02,10.3,3.5,6.8,8.50,0.00
2021-05-03,13.4,1.0,7.8,0.00,0.00
2021-05-04,16.4,5.4,10.8,2.10,0.00
2021-05-05,10.2,4.5,8.5,9.10,0.00
2021-05-06,10.6,5.0,8.3,12.30,0.00
2021-05-07,11.3,6.5,8.8,4.30,0.28
2021-05-08,18.7,6.3,12.4,0.00,0.00
2021-05-09,25.1,10.4,18.1,0.00,0.00
2021-05-10,17.7,11.0,14.2,10.10,0.00
2021-05-11,13.8,9.4,11.2,21.20,0.00
2021-05-12,13.3,7.9,10.6,0.70,0.00
2021-05-13,11.7,7.0,9.5,2.40,0.00
2021-05-14,14.9,5.5,10.0,3.50,0.00
2021-05-15,12.2,5.9,9.0,4.20,0.00
2021-05-16,12.0,5.3,9.4,13.00,0.00
2021-05-17,13.0,7.3,9.7,7.30,0.00
2021-05-18,13.7,8.0,10.1,7.20,0.00
2021-05-19,11.4,6.1,8.8,7.60,0.00
2021-05-20,14.4,6.2,10.3,3.40,0.00
2021-05-21,13.2,7.0,10.8,19.40,0.00
2021-05-22,15.9,6.4,11.0,3.20,0.00
2021-05-23,15.4,7.4,11.2,4.40,0.00
2021-05-24,16.4,8.0,12.0,4.90,0.00
2021-05-25,13.7,6.2,9.9,2.30,0.00
2021-05-26,15.0,8.4,11.3,0.90,0.00
2021-05-27,14.8,8.7,11.2,5.40,0.00
2021-05-28,18.9,9.4,13.9,0.00,0.00
2021-05-29,18.1,9.6,14.0,0.00,0.00
2021-05-30,18.6,9.4,14.0,0.00,0.00
2021-05-31,20.5,8.9,14.8,0.00,0.00
2021-06-01,23.2,9.7,16.9,0.00,0.00
2021-06-02,23.6,12.5,17.9,0.50,0.00
2021-06-03,23.6,15.0,19.2,3.20,0.00
2021-06-04,24.0,15.7,19.4,3.30,0.00
2021-06-05,16.9,13.8,15.6,12.80,0.00
2021-06-06,18.3,12.7,15.2,2.00,0.00
2021-06-07,16.6,14.0,15.3,16.10,0.00
2021-06-08,19.4,14.4,16.4,15.00,0.00
2021-06-09,21.7,13.4,17.2,12.70,0.00
2021-06-10,23.3,13.7,18.6,0.70,0.00
2021-06-11,24.2,14.4,20.0,0.60,0.00
2021-06-12,24.9,15.4,20.7,0.70,0.00
2021-06-13,23.0,15.5,18.8,0.50,0.00
2021-06-14,26.1,13.7,20.0,0.00,0.00
2021-06-15,27.6,15.2,22.2,0.00,0.00
2021-06-16,29.2,16.6,23.7,0.00,0.00
2021-06-17,28.6,19.0,24.3,0.00,0.00
2021-06-18,29.1,18.1,23.7,3.70,0.00
2021-06-19,29.1,19.2,24.2,0.90,0.00
2021-06-20,25.8,18.2,21.5,8.70,0.00
2021-06-21,23.8,16.1,19.6,5.00,0.00
2021-06-22,21.4,15.4,18.1,8.30,0.00
2021-06-23,22.5,14.0,17.9,9.60,0.00
2021-06-24,21.0,12.1,16.5,6.60,0.00
2021-06-25,18.7,13.5,15.9,1.00,0.00
2021-06-26,22.9,14.2,18.5,0.00,0.00
2021-06-27,25.3,15.3,20.8,0.10,0.00
2021-06-28,25.8,16.0,20.5,8.70,0.00
2021-06-29,21.0,14.3,17.0,7.30,0.00
2021-06-30,17.5,11.5,14.2,9.80,0.00
2021-07-01,19.1,12.8,15.7,2.40,0.00
2021-07-02,21.6,11.9,17.6,0.00,0.00
2021-07-03,23.2,13.4,18.3,6.60,0.00
2021-07-04,21.8,14.4,17.1,10.60,0.00
2021-07-05,22.9,14.3,17.8,1.60,0.00
2021-07-06,23.1,15.6,18.1,19.50,0.00
2021-07-07,20.7,14.8,17.1,9.70,0.00
2021-07-08,19.3,14.6,16.6,12.40,0.00
2021-07-09,20.4,13.8,17.1,0.90,0.00
2021-07-10,24.5,13.8,18.9,8.80,0.00
2021-07-11,21.2,11.9,17.2,4.40,0.00
2021-07-12,25.3,13.3,19.5,2.60,0.00
2021-07-13,18.5,13.1,15.6,23.80,0.00
2021-07-14,19.1,12.6,15.0,8.10,0.00
2021-07-15,18.3,13.6,15.5,27.90,0.00
2021-07-16,18.8,14.6,16.5,17.70,0.00
2021-07-17,20.9,15.6,17.8,3.20,0.00
2021-07-18,22.7,16.9,19.5,0.50,0.00
2021-07-19,25.0,16.8,20.7,0.30,0.00
2021-07-20,23.6,13.7,19.0,0.00,0.00
2021-07-21,24.5,13.8,19.5,0.00,0.00
2021-07-22,24.6,14.4,20.1,0.20,0.00
2021-07-23,27.5,15.9,22.0,0.00,0.00
2021-07-24,25.5,17.8,21.1,14.00,0.00
2021-07-25,22.2,16.3,19.3,13.70,0.00
2021-07-26,22.4,16.1,18.8,3.90,0.00
2021-07-27,23.4,14.4,19.1,1.30,0.00
2021-07-28,22.1,16.5,18.5,10.50,0.00
2021-07-29,24.1,16.3,19.7,0.20,0.00
2021-07-30,24.8,16.4,20.0,15.60,0.00
2021-07-31,20.7,13.9,17.9,2.80,0.00
2021-08-01,16.4,11.9,14.7,17.30,0.00
2021-08-02,19.9,10.6,15.4,5.00,0.00
2021-08-03,18.9,11.0,14.9,9.40,0.00
2021-08-04,16.6,12.8,14.5,4.40,0.00
2021-08-05,18.9,13.3,16.0,4.70,0.00
2021-08-06,22.3,14.4,17.9,1.00,0.00
2021-08-07,18.1,14.4,15.8,18.60,0.00
2021-08-08,19.3,11.6,15.8,0.80,0.00
2021-08-09,21.5,12.8,17.4,0.00,0.00
2021-08-10,25.3,13.7,19.9,0.10,0.00
2021-08-11,27.3,16.2,22.1,0.00,0.00
2021-08-12,29.6,16.0,23.4,0.00,0.00
2021-08-13,28.1,19.0,23.8,0.00,0.00
2021-08-14,29.4,19.3,24.6,0.30,0.00
2021-08-15,28.3,20.1,23.9,5.10,0.00
2021-08-16,20.7,15.6,18.5,5.20,0.00
2021-08-17,19.2,12.6,15.4,2.90,0.00
2021-08-18,19.2,13.8,15.9,0.20,0.00
2021-08-19,20.6,13.8,17.3,0.50,0.00
2021-08-20,23.3,13.5,18.6,0.20,0.00
2021-08-21,26.9,14.6,21.1,0.30,0.00
2021-08-22,21.7,14.6,18.4,9.90,0.00
2021-08-23,19.3,13.1,16.2,1.10,0.00
2021-08-24,18.7,12.7,15.8,0.10,0.00
2021-08-25,18.8,12.5,15.4,0.00,0.00
2021-08-26,20.6,12.1,15.8,0.90,0.00
2021-08-27,17.4,11.6,14.2,0.50,0.00
2021-08-28,17.3,10.4,13.3,2.40,0.00
2021-08-29,15.8,10.2,13.5,2.30,0.00
2021-08-30,17.3,11.5,14.5,1.00,0.00
2021-08-31,17.5,11.4,14.8,1.10,0.00
2021-09-01,20.5,11.6,15.8,0.00,0.00
2021-09-02,22.6,10.8,16.6,0.00,0.00
2021-09-03,24.2,11.3,18.2,0.00,0.00
2021-09-04,24.0,14.0,19.4,0.20,0.00
2021-09-05,24.4,14.2,20.1,0.50,0.00
2021-09-06,24.7,17.0,20.6,0.30,0.00
2021-09-07,24.2,13.3,19.4,0.00,0.00
2021-09-08,26.3,12.5,19.6,0.10,0.00
2021-09-09,23.8,17.3,19.4,5.60,0.00
2021-09-10,21.8,15.2,18.1,9.60,0.00
2021-09-11,20.2,12.8,16.9,3.80,0.00
2021-09-12,21.7,14.1,17.8,0.30,0.00
2021-09-13,25.1,13.1,19.5,0.30,0.00
2021-09-14,23.9,16.4,20.1,0.90,0.00
2021-09-15,22.1,17.0,19.0,14.80,0.00
2021-09-16,20.2,15.1,17.6,3.30,0.00
2021-09-17,20.0,13.1,15.8,0.10,0.00
2021-09-18,20.5,11.4,16.0,0.00,0.00
2021-09-19,15.3,11.3,12.8,18.50,0.00
2021-09-20,14.7,10.6,12.6,2.20,0.00
2021-09-21,16.6,9.3,12.8,0.60,0.00
2021-09-22,16.8,8.1,12.6,0.00,0.00
2021-09-23,21.1,8.0,14.4,0.00,0.00
2021-09-24,22.0,9.9,16.7,0.00,0.00
2021-09-25,24.5,12.4,18.8,0.10,0.00
2021-09-26,20.0,14.5,17.3,1.30,0.00
2021-09-27,20.1,13.2,16.7,1.70,0.00
2021-09-28,16.7,10.7,14.1,0.80,0.00
2021-09-29,17.7,9.4,13.6,1.10,0.00
2021-09-30,15.8,7.8,11.6,0.00,0.00
2021-10-01,19.7,6.9,13.3,0.30,0.00
2021-10-02,20.9,11.3,15.9,0.70,0.00
2021-10-03,22.1,12.0,16.2,2.70,0.00
2021-10-04,12.2,10.1,11.1,12.90,0.00
2021-10-05,16.2,9.7,12.1,10.10,0.00
2021-10-06,11.7,7.0,9.9,2.70,0.00
2021-10-07,12.6,7.9,10.1,2.20,0.00
2021-10-08,14.4,8.1,10.8,0.10,0.00
2021-10-09,13.3,7.4,9.9,0.00,0.00
2021-10-10,13.1,4.2,9.0,0.00,0.00
2021-10-11,12.7,3.7,8.9,0.00,0.00
2021-10-12,12.1,6.7,9.0,2.00,0.00
2021-10-13,9.7,6.1,7.7,4.40,0.00
2021-10-14,12.8,3.7,7.8,0.00,0.00
2021-10-15,15.3,3.7,9.4,0.00,0.00
2021-10-16,14.3,6.8,10.1,0.00,0.00
2021-10-17,15.5,5.0,9.7,0.00,0.00
2021-10-18,18.1,5.3,11.5,0.00,0.00
2021-10-19,17.7,8.0,12.6,0.00,0.00
2021-10-20,18.3,8.8,14.2,0.00,0.00
2021-10-21,15.9,10.6,13.2,7.10,0.00
2021-10-22,10.9,4.1,8.7,0.70,0.00
2021-10-23,10.8,3.2,7.1,0.00,0.00
2021-10-24,14.1,1.1,6.8,0.00,0.00
2021-10-25,15.3,4.1,9.3,0.00,0.00
2021-10-26,13.8,7.6,10.3,0.90,0.00
2021-10-27,12.2,5.2,8.5,0.00,0.00
2021-10-28,15.8,4.3,9.2,0.00,0.00
2021-10-29,16.3,5.3,9.7,0.00,0.00
2021-10-30,11.5,4.5,8.0,10.10,0.00
2021-10-31,16.2,7.8,11.8,4.30,0.00
2021-11-01,12.8,6.1,9.6,29.40,0.00
2021-11-02,10.4,4.0,7.0,4.50,0.00
2021-11-03,6.9,4.0,5.9,10.20,1.54
2021-11-04,6.8,3.5,4.6,2.30,0.00
2021-11-05,7.9,1.7,5.0,0.80,0.00
2021-11-06,7.9,1.0,4.2,0.00,0.00
2021-11-07,8.4,-0.8,4.5,0.00,0.00
2021-11-08,7.9,1.3,5.6,0.70,0.00
2021-11-09,6.9,1.9,3.6,0.00,0.00
2021-11-10,12.9,1.6,6.3,0.00,0.00
2021-11-11,12.7,2.1,7.3,0.00,0.00
2021-11-12,11.6,1.8,6.6,0.00,0.00
2021-11-13,10.1,1.5,4.7,1.80,0.00
2021-11-14,8.8,4.6,7.0,3.10,0.00
2021-11-15,6.8,3.7,5.3,0.10,0.00
2021-11-16,6.7,2.8,4.8,0.00,0.00
2021-11-17,5.2,2.8,4.6,0.30,0.00
2021-11-18,9.1,2.8,5.9,0.00,0.00
2021-11-19,9.4,1.8,5.5,0.00,0.00
2021-11-20,7.6,-0.6,2.6,0.00,0.00
2021-11-21,8.9,-0.4,3.0,0.40,0.00
2021-11-22,4.5,1.9,3.3,3.30,0.56
2021-11-23,4.0,1.8,3.0,0.30,0.00
2021-11-24,4.3,0.6,2.0,0.00,0.00
2021-11-25,6.4,-0.6,1.4,1.60,0.28
2021-11-26,3.1,-0.9,0.7,0.00,0.98
2021-11-27,4.6,-1.2,1.9,0.10,2.24
2021-11-28,2.4,-2.2,0.4,0.00,2.87
2021-11-29,0.8,-3.0,-0.5,0.00,3.36
2021-11-30,2.9,-1.7,0.4,0.00,1.68
2021-12-01,7.3,3.4,5.0,2.60,0.00
2021-12-02,4.9,-0.7,2.4,2.50,3.36
2021-12-03,3.3,-3.1,0.3,0.00,0.07
2021-12-04,6.9,0.7,4.6,24.20,4.48
2021-12-05,3.7,0.0,1.5,0.00,2.80
2021-12-06,2.8,-2.2,0.9,0.00,0.56
2021-12-07,5.6,0.8,2.5,0.10,1.12
2021-12-08,3.3,1.5,2.5,7.60,5.04
2021-12-09,3.7,-0.8,1.5,0.00,0.42
2021-12-10,3.2,-2.3,0.8,0.40,7.14
2021-12-11,2.3,1.2,1.7,0.00,3.36
2021-12-12,3.6,-1.6,1.2,0.00,0.00
2021-12-13,7.8,-1.3,2.4,0.00,0.00
2021-12-14,7.9,-1.2,2.3,0.00,0.00
2021-12-15,4.0,0.1,2.0,0.00,0.00
2021-12-16,3.3,0.8,2.1,0.00,0.00
2021-12-17,4.5,-0.8,2.2,0.00,0.00
2021-12-18,3.7,-0.6,1.8,0.00,0.00
2021-12-19,5.6,-2.4,0.3,0.00,0.00
2021-12-20,1.8,-3.0,-0.8,0.00,0.00
2021-12-21,0.8,-5.6,-1.8,0.00,0.00
2021-12-22,1.8,-5.6,-2.4,0.00,0.00
2021-12-23,7.3,-4.1,1.4,0.20,0.00
2021-12-24,6.3,2.7,4.6,7.60,0.00
2021-12-25,6.2,3.6,4.9,4.30,0.00
2021-12-26,7.3,2.8,5.0,10.90,0.00
2021-12-27,6.8,2.7,4.7,4.60,0.00
2021-12-28,10.1,5.3,7.6,8.60,0.07
2021-12-29,11.4,6.0,7.7,16.60,0.00
2021-12-30,13.2,8.7,11.1,0.90,0.00
2021-12-31,13.3,5.7,8.7,0.00,0.00
2022-01-01,13.2,4.4,7.7,0.00,0.00
2022-01-02,12.5,2.3,7.1,0.00,0.00
2022-01-03,10.9,7.7,9.1,0.10,0.00
2022-01-04,14.0,4.6,10.4,11.00,0.07
2022-01-05,4.7,-1.4,1.7,5.40,4.27
2022-01-06,2.6,-2.3,0.4,0.00,1.26
2022-01-07,1.8,-2.0,0.1,0.00,1.19
2022-01-08,4.1,0.1,2.3,0.00,3.43
2022-01-09,3.7,0.2,2.6,1.80,6.37
2022-01-10,2.7,-1.7,0.6,0.00,0.35
2022-01-11,3.5,-2.7,0.3,0.00,0.00
2022-01-12,0.5,-7.1,-2.8,0.00,0.00
2022-01-13,2.4,-7.2,-1.8,0.00,0.00
2022-01-14,7.5,-6.8,0.1,0.00,0.00
2022-01-15,6.1,-4.0,1.3,0.00,0.00
2022-01-16,6.0,-3.4,-0.1,0.00,0.00
2022-01-17,4.3,-0.2,2.1,0.00,0.49
2022-01-18,4.7,-0.8,2.2,0.00,0.00
2022-01-19,5.6,-1.3,1.8,0.00,0.00
2022-01-20,2.4,-5.1,1.2,0.10,1.96
2022-01-21,1.3,-6.3,-1.2,0.00,0.00
2022-01-22,3.6,-3.2,-0.1,0.00,0.00
2022-01-23,4.1,-3.1,0.6,0.00,0.00
2022-01-24,5.3,-1.7,0.6,0.00,0.00
2022-01-25,8.6,-2.7,2.3,0.00,0.00
2022-01-26,6.0,-3.0,0.2,0.00,0.00
2022-01-27,5.3,-3.4,0.0,0.90,0.00
2022-01-28,5.5,0.8,2.3,0.30,0.14
2022-01-29,6.7,-1.1,2.9,0.00,0.00
2022-01-30,7.2,-0.0,4.3,0.50,0.00
2022-01-31,3.4,-1.8,1.5,0.40,3.36
2022-02-01,4.0,-0.8,0.6,0.00,2.87
2022-02-02,6.6,3.6,5.4,6.60,0.00
2022-02-03,8.7,2.6,5.5,0.10,0.00
2022-02-04,7.6,1.2,5.0,0.30,0.00
2022-02-05,6.3,-1.6,3.4,1.50,0.00
2022-02-06,5.8,-0.0,2.7,2.50,0.35
2022-02-07,5.9,-0.5,2.9,11.70,0.98
2022-02-08,9.9,-1.2,4.2,0.00,0.00
2022-02-09,11.8,0.6,5.2,0.00,0.00
2022-02-10,12.3,1.3,6.5,0.00,0.00
2022-02-11,7.1,-0.8,3.8,5.20,2.24
2022-02-12,5.9,-2.0,1.3,0.00,0.00
2022-02-13,8.7,-0.3,4.0,0.00,0.00
2022-02-14,6.7,2.6,4.6,4.50,0.00
2022-02-15,5.9,1.0,3.5,1.30,0.14
2022-02-16,8.4,1.4,4.9,6.20,0.07
2022-02-17,11.2,7.4,9.4,6.20,0.00
2022-02-18,16.3,6.2,10.9,2.40,0.00
2022-02-19,8.0,1.9,5.1,1.00,0.14
2022-02-20,7.9,1.1,5.3,0.00,0.35
2022-02-21,7.2,2.8,5.1,5.50,5.04
2022-02-22,8.3,2.7,5.1,1.10,1.12
2022-02-23,11.6,4.1,7.6,0.10,0.00
2022-02-24,10.7,1.6,6.2,0.50,0.00
2022-02-25,5.5,0.1,2.8,2.00,0.49
2022-02-26,5.2,-0.8,1.6,0.00,0.00
2022-02-27,5.7,-2.3,1.2,0.00,0.00
2022-02-28,8.8,-2.1,2.4,0.00,0.00
2022-03-01,9.3,-2.3,3.2,0.00,0.00
2022-03-02,11.1,-0.7,4.9,0.00,0.00
2022-03-03,11.5,0.8,6.0,0.00,0.00
2022-03-04,7.9,0.1,3.3,0.00,0.00
2022-03-05,5.5,-1.7,1.4,0.00,0.00
2022-03-06,5.3,-2.1,1.0,0.00,0.00
2022-03-07,4.8,-2.5,0.5,0.00,0.00
2022-03-08,8.8,-4.3,0.9,0.00,0.00
2022-03-09,11.5,-1.0,4.9,0.00,0.00
2022-03-10,12.9,1.4,6.7,0.00,0.00
2022-03-11,12.4,1.7,6.8,0.00,0.00
2022-03-12,12.8,6.1,8.9,0.30,0.00
2022-03-13,15.3,2.5,8.6,0.40,0.00
2022-03-14,12.9,1.9,8.0,1.30,0.00
2022-03-15,13.6,5.8,9.4,5.90,0.00
2022-03-16,16.9,5.7,10.6,0.00,0.00
2022-03-17,15.0,5.9,9.6,1.40,0.00
2022-03-18,11.4,5.8,8.0,1.20,0.00
2022-03-19,11.9,4.0,7.5,0.00,0.00
2022-03-20,14.9,1.5,8.4,0.00,0.00
2022-03-21,15.0,6.2,10.3,0.00,0.00
2022-03-22,14.5,3.2,8.7,0.00,0.00
2022-03-23,15.6,4.3,9.5,0.00,0.00
2022-03-24,16.9,6.0,11.3,0.00,0.00
2022-03-25,16.8,4.8,11.1,0.00,0.00
2022-03-26,17.2,5.2,11.0,0.00,0.00
2022-03-27,18.3,5.6,11.9,0.00,0.00
2022-03-28,19.0,6.1,13.2,0.00,0.00
2022-03-29,16.3,7.3,11.6,0.50,0.00
2022-03-30,11.9,6.4,9.4,7.70,0.00
2022-03-31,8.4,4.7,6.8,17.40,0.42
2022-04-01,4.2,-0.7,1.8,2.40,12.46
2022-04-02,0.1,-2.1,-1.1,0.00,5.74
2022-04-03,2.2,-2.3,-0.1,0.00,0.77
2022-04-04,7.0,-2.8,2.1,0.00,0.00
2022-04-05,11.8,3.4,6.6,0.30,0.28
2022-04-06,13.6,5.9,9.7,2.70,0.00
2022-04-07,10.7,6.8,9.0,8.80,0.00
2022-04-08,11.6,7.8,9.9,16.50,0.00
2022-04-09,9.5,-2.8,3.7,4.40,4.83
2022-04-10,10.1,-2.7,4.5,0.00,0.49
2022-04-11,16.0,1.6,8.7,0.00,0.00
2022-04-12,20.9,7.0,13.6,0.00,0.00
2022-04-13,20.8,11.1,16.0,0.00,0.00
2022-04-14,19.5,8.1,14.6,0.00,0.00
2022-04-15,18.6,9.6,14.0,0.80,0.00
2022-04-16,14.3,7.6,11.3,0.00,0.00
2022-04-17,14.5,3.0,8.6,0.00,0.00
2022-04-18,16.3,3.2,9.6,0.00,0.00
2022-04-19,16.9,4.7,11.3,0.00,0.00
2022-04-20,16.5,5.4,11.0,0.00,0.00
2022-04-21,16.4,4.8,10.6,0.00,0.00
2022-04-22,17.9,6.0,11.6,0.00,0.00
2022-04-23,13.9,8.1,11.0,1.10,0.00
2022-04-24,11.2,6.0,8.7,20.20,0.07
2022-04-25,13.7,8.7,10.1,12.20,0.00
2022-04-26,12.7,4.8,9.2,7.50,0.00
2022-04-27,14.6,4.5,9.7,0.00,0.00
2022-04-28,17.8,6.2,11.8,0.00,0.00
2022-04-29,18.3,6.2,12.7,0.50,0.00
2022-04-30,14.7,7.6,11.2,4.20,0.00
2022-05-01,14.4,5.6,10.2,0.00,0.00
2022-05-02,16.8,6.4,11.9,0.10,0.00
2022-05-03,18.4,8.8,13.3,4.60,0.00
2022-05-04,17.6,6.9,11.8,9.60,0.00
2022-05-05,13.1,8.3,10.6,9.80,0.00
2022-05-06,14.9,9.5,11.2,9.40,0.00
2022-05-07,17.4,8.0,13.2,0.50,0.00
2022-05-08,16.4,10.4,13.6,7.30,0.00
2022-05-09,19.7,8.6,14.7,0.50,0.00
2022-05-10,22.4,10.9,17.5,0.60,0.00
2022-05-11,25.1,11.2,18.9,0.00,0.00
2022-05-12,24.8,15.1,19.4,1.40,0.00
2022-05-13,20.6,14.9,17.2,9.50,0.00
2022-05-14,22.5,13.3,17.2,0.10,0.00
2022-05-15,26.1,12.3,19.1,0.00,0.00
2022-05-16,23.2,15.1,19.1,1.90,0.00
2022-05-17,24.1,13.5,19.5,0.00,0.00
2022-05-18,26.1,14.8,20.6,0.00,0.00
2022-05-19,27.8,16.6,21.4,0.80,0.00
2022-05-20,29.7,15.4,22.6,1.60,0.00
2022-05-21,23.0,15.3,18.9,0.70,0.00
2022-05-22,24.1,13.3,18.9,0.20,0.00
2022-05-23,25.9,15.6,19.0,8.20,0.00
2022-05-24,16.1,12.9,14.4,0.80,0.00
2022-05-25,19.4,10.6,15.2,0.00,0.00
2022-05-26,19.4,11.6,15.6,0.00,0.00
2022-05-27,20.0,11.6,15.9,0.00,0.00
2022-05-28,16.4,9.1,13.6,0.00,0.00
2022-05-29,15.1,7.9,11.9,1.70,0.00
2022-05-30,17.4,7.7,12.8,0.30,0.00
2022-05-31,20.4,10.1,15.1,3.10,0.00
2022-06-01,20.6,10.1,15.1,2.90,0.00
2022-06-02,22.1,12.2,17.3,0.90,0.00
2022-06-03,24.6,13.1,18.7,5.40,0.00
2022-06-04,25.0,15.8,20.5,0.70,0.00
2022-06-05,23.6,14.9,19.5,12.00,0.00
2022-06-06,22.1,12.8,17.6,5.40,0.00
2022-06-07,19.6,13.1,16.2,6.50,0.00
2022-06-08,19.8,11.5,15.4,2.80,0.00
2022-06-09,15.9,10.8,13.7,2.60,0.00
2022-06-10,21.3,9.7,16.2,0.00,0.00
2022-06-11,25.2,12.8,19.9,0.00,0.00
2022-06-12,28.1,15.7,22.0,0.70,0.00
2022-06-13,22.8,15.6,18.9,11.60,0.00
2022-06-14,25.5,13.2,19.3,0.00,0.00
2022-06-15,30.1,15.3,21.7,3.10,0.00
2022-06-16,27.7,17.9,23.2,1.60,0.00
2022-06-17,27.9,15.4,22.6,0.00,0.00
2022-06-18,33.0,18.1,26.1,0.00,0.00
2022-06-19,34.4,21.2,27.4,0.00,0.00
2022-06-20,29.7,18.7,23.9,2.90,0.00
2022-06-21,29.2,16.9,22.9,0.00,0.00
2022-06-22,24.4,19.0,21.4,1.40,0.00
2022-06-23,26.5,16.9,21.4,13.20,0.00
2022-06-24,21.8,14.3,17.6,14.30,0.00
2022-06-25,24.7,12.3,19.1,0.00,0.00
2022-06-26,24.2,14.4,19.6,1.40,0.00
2022-06-27,22.2,15.5,18.1,23.20,0.00
2022-06-28,20.0,14.6,17.3,2.60,0.00
2022-06-29,25.1,14.3,20.1,0.30,0.00
2022-06-30,26.3,14.3,21.1,5.70,0.00
2022-07-01,20.3,11.8,15.4,9.80,0.00
2022-07-02,24.8,11.5,18.8,0.00,0.00
2022-07-03,27.9,16.3,22.1,8.00,0.00
2022-07-04,24.0,16.7,19.7,9.40,0.00
2022-07-05,24.2,14.7,20.0,2.40,0.00
2022-07-06,23.7,15.1,18.6,0.00,0.00
2022-07-07,21.1,12.8,17.6,0.20,0.00
2022-07-08,20.9,13.7,17.2,0.40,0.00
2022-07-09,24.3,13.0,19.1,0.00,0.00
2022-07-10,21.8,14.2,18.3,0.00,0.00
2022-07-11,24.5,13.0,18.6,0.00,0.00
2022-07-12,26.3,15.3,20.8,0.00,0.00
2022-07-13,30.0,15.6,23.3,0.10,0.00
2022-07-14,32.7,20.3,26.4,1.10,0.00
2022-07-15,26.8,16.8,22.2,0.00,0.00
2022-07-16,26.1,14.8,20.9,0.00,0.00
2022-07-17,28.7,16.6,22.4,0.00,0.00
2022-07-18,32.5,17.7,25.5,0.00,0.00
2022-07-19,35.2,18.8,27.6,0.00,0.00
2022-07-20,32.0,19.8,25.2,12.30,0.00
2022-07-21,27.2,18.8,22.5,1.20,0.00
2022-07-22,32.8,16.9,24.4,0.90,0.00
2022-07-23,26.3,17.9,22.7,3.00,0.00
2022-07-24,28.9,17.6,23.8,0.20,0.00
2022-07-25,33.3,20.5,25.7,0.00,0.00
2022-07-26,24.3,17.6,20.9,6.80,0.00
2022-07-27,23.1,16.2,19.7,0.00,0.00
2022-07-28,27.5,14.3,20.8,0.10,0.00
2022-07-29,22.9,16.7,19.8,3.60,0.00
2022-07-30,26.0,14.7,20.8,0.40,0.00
2022-07-31,28.8,16.6,23.3,0.00,0.00
2022-08-01,28.8,17.4,23.2,0.40,0.00
2022-08-02,28.0,16.5,22.3,0.10,0.00
2022-08-03,32.7,19.4,25.9,0.00,0.00
2022-08-04,34.6,20.3,28.4,0.00,0.00
2022-08-05,32.5,20.6,25.7,0.20,0.00
2022-08-06,21.7,17.0,19.2,0.60,0.00
2022-08-07,23.2,14.4,18.9,0.00,0.00
2022-08-08,26.7,15.1,21.2,0.00,0.00
2022-08-09,27.6,17.1,22.2,0.00,0.00
2022-08-10,27.7,17.1,22.3,0.00,0.00
2022-08-11,28.6,16.7,22.5,0.00,0.00
2022-08-12,27.5,17.6,22.4,0.00,0.00
2022-08-13,28.0,15.4,21.6,0.00,0.00
2022-08-14,27.4,15.3,20.8,0.20,0.00
2022-08-15,23.9,15.6,18.7,3.10,0.00
2022-08-16,29.3,14.9,22.0,0.00,0.00
2022-08-17,26.3,16.6,21.3,10.20,0.00
2022-08-18,21.5,15.0,18.3,6.90,0.00
2022-08-19,20.8,16.3,18.1,14.20,0.00
2022-08-20,22.0,16.1,18.3,11.70,0.00
2022-08-21,23.4,14.6,19.5,0.10,0.00
2022-08-22,24.9,15.1,20.8,0.30,0.00
2022-08-23,26.2,16.9,21.6,0.00,0.00
2022-08-24,26.4,16.5,21.6,0.00,0.00
2022-08-25,28.6,15.5,22.0,0.00,0.00
2022-08-26,25.6,17.9,20.9,6.50,0.00
2022-08-27,23.0,14.7,18.8,6.10,0.00
2022-08-28,24.5,14.4,19.3,0.20,0.00
2022-08-29,26.0,15.2,21.0,0.40,0.00
2022-08-30,26.8,16.7,20.7,14.90,0.00
2022-08-31,21.4,14.7,18.3,1.20,0.00
2022-09-01,21.1,13.9,17.4,0.00,0.00
2022-09-02,24.5,12.1,17.1,3.30,0.00
2022-09-03,20.9,14.1,17.6,3.50,0.00
2022-09-04,24.0,14.4,19.3,0.90,0.00
2022-09-05,26.4,16.0,21.5,0.20,0.00
2022-09-06,25.1,16.8,19.4,3.20,0.00
2022-09-07,24.4,16.1,20.1,3.20,0.00
2022-09-08,21.2,15.6,18.0,6.10,0.00
2022-09-09,20.5,12.4,16.6,3.70,0.00
2022-09-10,18.4,12.6,15.0,1.20,0.00
2022-09-11,20.8,11.5,15.9,0.20,0.00
2022-09-12,24.1,10.9,17.6,0.00,0.00
2022-09-13,27.2,15.3,21.1,0.00,0.00
2022-09-14,22.9,16.9,20.0,1.30,0.00
2022-09-15,19.3,15.4,17.0,14.40,0.00
2022-09-16,16.3,10.6,14.3,3.40,0.00
2022-09-17,11.6,7.1,9.4,1.90,0.00
2022-09-18,15.3,6.7,11.0,0.00,0.00
2022-09-19,14.0,8.2,11.1,0.20,0.00
2022-09-20,14.8,6.9,11.1,0.10,0.00
2022-09-21,15.7,7.7,11.3,0.00,0.00
2022-09-22,17.6,5.7,11.6,0.00,0.00
2022-09-23,19.4,8.5,13.8,0.20,0.00
2022-09-24,15.0,12.3,13.5,24.10,0.00
2022-09-25,15.4,9.8,11.7,8.60,0.00
2022-09-26,14.7,8.1,11.6,2.20,0.00
2022-09-27,12.0,8.3,10.0,17.80,0.00
2022-09-28,11.3,8.6,9.9,28.70,0.00
2022-09-29,11.0,8.5,9.3,7.60,0.00
2022-09-30,13.6,6.6,10.1,0.60,0.00
2022-10-01,13.5,6.3,10.0,14.10,0.00
2022-10-02,19.1,13.3,15.3,7.20,0.00
2022-10-03,15.3,9.2,12.5,1.00,0.00
2022-10-04,19.4,6.8,12.7,0.00,0.00
2022-10-05,21.9,8.3,14.9,0.00,0.00
2022-10-06,18.5,9.8,13.9,0.20,0.00
2022-10-07,19.8,10.3,15.0,0.50,0.00
2022-10-08,15.6,10.2,13.8,0.60,0.00
2022-10-09,15.0,9.6,12.0,0.00,0.00
2022-10-10,19.5,10.2,15.0,11.60,0.00
2022-10-11,17.9,10.5,14.6,0.50,0.00
2022-10-12,18.3,11.4,14.0,0.00,0.00
2022-10-13,16.8,9.6,12.9,4.90,0.00
2022-10-14,16.5,12.0,13.8,6.50,0.00
2022-10-15,19.8,13.0,16.1,4.60,0.00
2022-10-16,22.0,12.3,16.6,0.00,0.00
2022-10-17,22.5,12.0,17.2,0.00,0.00
2022-10-18,21.5,13.1,17.2,2.90,0.00
2022-10-19,17.8,11.0,14.6,0.00,0.00
2022-10-20,17.8,12.1,14.5,0.80,0.00
2022-10-21,16.7,12.8,14.8,19.50,0.00
2022-10-22,18.8,11.2,14.8,9.10,0.00
2022-10-23,20.8,11.0,15.2,0.30,0.00
2022-10-24,16.2,12.7,14.2,13.30,0.00
2022-10-25,17.8,9.8,13.4,0.40,0.00
2022-10-26,20.6,11.5,15.5,9.40,0.00
2022-10-27,20.8,11.5,15.5,0.00,0.00
2022-10-28,23.2,14.2,18.1,0.00,0.00
2022-10-29,23.8,13.6,17.7,0.00,0.00
2022-10-30,22.0,12.7,17.0,0.00,0.00
2022-10-31,20.3,12.0,16.2,0.00,0.00
2022-11-01,15.4,11.6,14.0,9.20,0.00
2022-11-02,14.6,7.1,11.3,0.70,0.00
2022-11-03,13.2,6.3,9.6,6.40,0.00
2022-11-04,10.6,6.3,8.1,6.00,0.00
2022-11-05,8.7,4.6,6.7,2.10,0.00
2022-11-06,9.8,1.6,6.4,0.40,0.00
2022-11-07,14.6,6.6,10.0,0.00,0.00
2022-11-08,15.1,5.9,9.8,0.00,0.00
2022-11-09,11.3,8.9,10.6,22.60,0.00
2022-11-10,13.6,7.1,9.9,0.00,0.00
2022-11-11,13.1,6.2,9.0,0.00,0.00
2022-11-12,14.7,4.5,9.0,0.00,0.00
2022-11-13,9.9,3.0,5.5,0.00,0.00
2022-11-14,11.1,3.9,8.0,8.80,0.00
2022-11-15,10.4,7.3,9.3,1.80,0.00
2022-11-16,11.9,6.1,9.3,9.00,0.00
2022-11-17,13.5,8.7,10.4,19.40,0.00
2022-11-18,8.9,5.0,7.3,6.10,0.00
2022-11-19,8.2,1.9,5.0,0.20,0.00
2022-11-20,8.0,2.4,4.9,2.70,0.42
2022-11-21,8.8,4.9,6.4,3.90,0.42
2022-11-22,7.2,3.6,5.5,2.70,0.00
2022-11-23,8.1,1.8,4.9,2.40,0.07
2022-11-24,8.8,3.6,6.2,2.10,0.14
2022-11-25,10.6,4.3,6.2,1.40,0.00
2022-11-26,8.4,1.2,4.7,0.70,0.14
2022-11-27,8.4,0.4,4.1,0.00,0.00
2022-11-28,7.9,4.2,6.2,0.80,0.00
2022-11-29,7.6,5.6,6.2,5.20,0.00
2022-11-30,6.2,3.5,5.3,1.10,0.00
2022-12-01,3.5,1.9,2.8,0.00,0.07
2022-12-02,4.2,1.8,2.6,0.20,0.00
2022-12-03,2.1,0.1,0.7,0.00,0.00
2022-12-04,2.9,-0.1,1.3,2.80,0.56
2022-12-05,5.8,0.9,3.0,2.20,0.28
2022-12-06,6.0,0.1,2.5,0.00,0.00
2022-12-07,3.8,0.1,1.8,0.00,0.00
2022-12-08,3.6,-1.8,0.5,0.00,0.00
2022-12-09,1.8,-0.0,0.8,0.00,5.74
2022-12-10,0.3,-2.0,-0.6,0.00,4.13
2022-12-11,-1.9,-7.5,-4.4,0.00,0.00
2022-12-12,-3.2,-11.6,-8.1,0.00,0.00
2022-12-13,-3.1,-10.4,-6.2,0.00,1.47
2022-12-14,5.4,-4.0,1.7,7.90,0.00
2022-12-15,3.4,-1.2,1.6,4.10,2.03
2022-12-16,-1.6,-4.8,-2.7,0.00,2.94
2022-12-17,-0.1,-5.1,-2.7,0.00,0.00
2022-12-18,2.7,-5.2,-1.3,0.00,0.00
2022-12-19,7.2,0.2,4.3,0.00,0.00
2022-12-20,9.9,1.9,6.4,0.00,0.00
2022-12-21,9.3,5.4,7.2,4.00,0.00
2022-12-22,10.7,7.6,8.9,6.10,0.00
2022-12-23,12.0,8.7,10.7,19.20,0.00
2022-12-24,11.0,7.8,9.0,2.30,0.00
2022-12-25,11.3,6.4,8.2,0.60,0.00
2022-12-26,11.7,5.7,8.3,7.60,0.00
2022-12-27,7.9,1.6,5.7,1.30,0.00
2022-12-28,7.4,1.1,4.3,0.00,0.00
2022-12-29,11.5,6.3,8.6,8.00,0.00
2022-12-30,11.3,4.6,7.4,8.40,0.00
2022-12-31,15.3,9.9,12.0,1.10,0.00
2023-01-01,14.4,9.3,11.2,0.00,0.00
2023-01-02,13.6,8.8,10.7,1.70,0.00
2023-01-03,8.8,5.2,7.6,3.20,0.00
2023-01-04,8.3,3.5,6.0,0.60,0.00
2023-01-05,11.1,5.5,8.9,2.90,0.00
2023-01-06,9.0,4.4,6.8,0.10,0.00
2023-01-07,9.8,3.8,5.8,0.00,0.00
2023-01-08,6.7,4.2,5.8,17.60,1.26
2023-01-09,6.7,3.0,4.7,2.70,1.47
2023-01-10,6.0,1.8,3.8,0.40,0.35
2023-01-11,9.0,5.1,6.9,3.00,0.00
2023-01-12,8.5,4.2,6.2,0.00,0.00
2023-01-13,8.9,4.2,7.0,3.80,0.00
2023-01-14,8.6,4.3,6.3,2.00,0.00
2023-01-15,9.2,1.3,5.4,6.90,2.31
2023-01-16,4.9,0.3,2.6,0.80,1.89
2023-01-17,2.2,-1.9,0.7,0.00,3.71
2023-01-18,1.5,-3.0,-0.4,0.10,2.52
2023-01-19,-0.1,-11.4,-5.0,0.00,0.00
2023-01-20,-0.0,-5.5,-3.1,0.00,0.63
2023-01-21,-0.8,-5.6,-3.4,0.00,0.70
2023-01-22,-0.2,-3.3,-2.0,0.10,1.47
2023-01-23,1.0,-2.7,-0.8,0.00,0.70
2023-01-24,1.8,0.1,0.9,0.00,0.49
2023-01-25,1.6,0.1,1.0,0.00,0.35
2023-01-26,0.2,-2.4,-0.9,0.10,0.21
2023-01-27,0.2,-3.0,-1.6,0.00,0.14
2023-01-28,1.0,-2.2,-0.6,0.00,0.35
2023-01-29,2.1,-1.7,-0.3,0.00,0.00
2023-01-30,2.9,-3.9,0.1,0.00,0.21
2023-01-31,5.2,1.1,2.6,0.00,0.28
2023-02-01,4.5,2.0,3.2,0.50,0.35
2023-02-02,5.4,1.4,3.3,0.00,0.00
2023-02-03,7.4,1.7,4.4,0.00,0.00
2023-02-04,6.4,3.6,5.3,2.40,0.00
2023-02-05,4.0,0.7,3.1,1.30,3.92
2023-02-06,3.3,-0.6,1.6,0.10,1.05
2023-02-07,3.8,-4.0,-0.4,0.00,0.14
2023-02-08,1.9,-4.1,-1.7,0.00,0.00
2023-02-09,5.6,-4.3,0.3,0.00,0.00
2023-02-10,5.9,-1.7,1.3,0.00,0.00
2023-02-11,8.7,-1.0,3.1,0.00,0.00
2023-02-12,8.4,0.8,4.0,0.00,0.00
2023-02-13,11.9,0.1,3.9,0.00,0.00
2023-02-14,13.6,1.6,5.4,0.00,0.00
2023-02-15,15.1,1.1,6.9,0.00,0.00
2023-02-16,12.5,1.0,6.8,0.00,0.00
2023-02-17,12.2,6.0,8.3,0.60,0.00
2023-02-18,14.9,6.5,9.8,0.00,0.00
2023-02-19,10.0,4.8,7.7,0.50,0.00
2023-02-20,15.1,2.7,8.8,0.00,0.00
2023-02-21,15.8,1.6,8.7,0.00,0.00
2023-02-22,13.8,3.9,8.1,1.70,0.00
2023-02-23,13.0,4.2,8.3,1.80,0.00
2023-02-24,14.0,4.5,7.9,8.20,0.00
2023-02-25,7.4,0.3,3.6,4.90,0.07
2023-02-26,0.9,-3.2,-0.9,0.00,0.63
2023-02-27,0.5,-2.2,-1.1,0.00,0.77
2023-02-28,1.8,-2.3,-0.7,0.00,0.00
2023-03-01,2.6,-1.3,0.4,0.00,0.00
2023-03-02,7.6,0.5,3.0,0.00,0.00
2023-03-03,7.0,-0.6,3.1,0.00,0.00
2023-03-04,7.1,-0.2,2.7,0.00,0.00
2023-03-05,6.9,-1.5,1.9,0.00,0.00
2023-03-06,5.6,-0.6,2.1,0.00,0.00
2023-03-07,7.7,-1.0,3.3,0.00,0.00
2023-03-08,9.4,1.5,6.0,2.90,0.00
2023-03-09,14.7,7.5,10.1,7.30,0.00
2023-03-10,9.9,3.0,7.0,13.70,0.77
2023-03-11,4.7,0.4,2.5,0.20,6.23
2023-03-12,11.2,3.4,6.8,5.20,0.28
2023-03-13,18.7,4.8,12.6,11.80,0.00
2023-03-14,11.4,4.1,7.3,12.50,0.00
2023-03-15,8.3,-1.6,3.8,0.10,0.56
2023-03-16,12.4,0.9,6.3,0.00,0.00
2023-03-17,16.2,5.3,10.1,0.00,0.00
2023-03-18,16.4,4.4,10.7,0.10,0.00
2023-03-19,13.1,6.1,8.9,16.70,0.00
2023-03-20,12.4,4.7,8.4,0.10,0.00
2023-03-21,15.2,4.1,10.0,0.60,0.00
2023-03-22,18.0,4.6,11.9,0.00,0.00
2023-03-23,16.0,10.5,12.7,0.70,0.00
2023-03-24,13.0,8.0,11.1,15.50,0.00
2023-03-25,11.1,6.2,8.0,3.40,0.00
2023-03-26,10.3,4.5,7.4,6.50,0.63
2023-03-27,5.4,1.1,3.7,3.80,3.08
2023-03-28,9.6,-1.8,4.2,0.00,0.00
2023-03-29,18.2,6.1,11.3,8.90,2.45
2023-03-30,14.8,9.9,12.4,8.10,0.00
2023-03-31,13.6,7.2,10.7,14.20,0.35
2023-04-01,10.4,4.2,7.0,8.60,0.00
2023-04-02,9.9,4.2,6.9,3.30,0.00
2023-04-03,7.2,2.9,4.9,2.50,0.00
2023-04-04,7.0,-1.9,2.5,0.00,0.00
2023-04-05,8.4,-0.9,3.6,0.00,0.00
2023-04-06,11.2,0.7,6.2,0.10,0.00
2023-04-07,7.2,2.8,4.9,4.20,5.81
2023-04-08,10.1,1.3,6.5,0.70,0.00
2023-04-09,12.6,0.9,7.1,0.00,0.00
2023-04-10,15.9,2.2,9.5,0.20,0.00
2023-04-11,11.8,7.9,9.7,9.60,0.00
2023-04-12,13.7,7.2,9.6,8.10,0.00
2023-04-13,7.6,2.4,5.2,2.00,2.31
2023-04-14,11.8,0.6,6.3,0.20,0.07
2023-04-15,8.4,4.8,6.4,8.10,0.00
2023-04-16,8.1,4.7,6.5,5.50,0.00
2023-04-17,12.0,6.5,8.2,10.40,0.00
2023-04-18,13.2,6.3,8.9,1.00,0.00
2023-04-19,12.3,5.3,9.0,1.60,0.00
2023-04-20,8.1,2.4,5.5,4.50,0.14
2023-04-21,13.5,2.0,7.7,4.10,0.00
2023-04-22,18.3,6.0,11.8,2.90,0.00
2023-04-23,17.5,9.6,12.7,10.30,0.00
2023-04-24,11.5,6.9,9.4,1.90,0.00
2023-04-25,10.3,4.1,6.9,6.40,0.49
2023-04-26,14.0,3.1,8.7,0.00,0.00
2023-04-27,17.5,6.2,12.5,1.00,0.00
2023-04-28,19.6,10.6,13.7,18.80,0.00
2023-04-29,18.4,9.6,13.8,1.10,0.00
2023-04-30,15.6,9.9,12.5,1.00,0.00
2023-05-01,14.2,8.5,11.7,6.00,0.00
2023-05-02,15.4,6.6,11.1,1.40,0.00
2023-05-03,17.6,6.0,12.3,0.00,0.00
2023-05-04,22.5,7.5,15.3,0.00,0.00
2023-05-05,22.0,11.9,16.4,0.90,0.00
2023-05-06,20.5,11.5,15.9,2.80,0.00
2023-05-07,19.6,10.7,15.0,18.00,0.00
2023-05-08,17.3,11.5,14.6,1.70,0.00
2023-05-09,19.1,10.2,14.3,14.90,0.00
2023-05-10,13.9,9.8,12.1,3.50,0.00
2023-05-11,13.1,8.2,10.8,3.30,0.00
2023-05-12,15.2,7.1,10.8,3.50,0.00
2023-05-13,14.7,9.4,11.4,8.00,0.00
2023-05-14,15.3,8.5,11.3,7.70,0.00
2023-05-15,15.7,6.8,11.6,3.30,0.00
2023-05-16,9.8,7.7,9.1,11.30,0.00
2023-05-17,13.4,6.2,9.5,0.60,0.00
2023-05-18,13.9,5.5,10.1,0.60,0.00
2023-05-19,14.5,8.4,11.5,2.20,0.00
2023-05-20,16.7,7.5,13.0,2.30,0.00
2023-05-21,22.2,9.7,16.4,1.00,0.00
2023-05-22,23.5,10.8,17.5,1.60,0.00
2023-05-23,19.5,14.0,16.3,7.10,0.00
2023-05-24,13.9,9.6,11.8,3.30,0.00
2023-05-25,17.8,8.1,13.1,0.90,0.00
2023-05-26,22.2,9.6,16.5,0.50,0.00
2023-05-27,22.8,12.5,17.4,0.00,0.00
2023-05-28,23.1,11.8,18.1,0.00,0.00
2023-05-29,23.8,12.6,18.2,0.00,0.00
2023-05-30,22.4,11.8,17.6,0.00,0.00
2023-05-31,23.4,12.2,17.8,0.00,0.00
2023-06-01,23.8,13.0,19.2,0.60,0.00
2023-06-02,22.8,12.8,18.1,0.00,0.00
2023-06-03,24.5,12.4,18.2,0.20,0.00
2023-06-04,23.9,14.8,19.0,0.20,0.00
2023-06-05,22.9,13.0,18.6,0.60,0.00
2023-06-06,24.1,12.7,19.0,0.40,0.00
2023-06-07,24.9,13.2,19.5,0.00,0.00
2023-06-08,24.8,13.4,19.9,3.30,0.00
2023-06-09,26.4,12.0,20.6,0.00,0.00
2023-06-10,25.5,15.8,21.0,1.10,0.00
2023-06-11,25.7,17.3,21.7,0.10,0.00
2023-06-12,26.0,15.4,21.1,0.00,0.00
2023-06-13,25.0,14.3,19.7,0.00,0.00
2023-06-14,25.0,13.0,19.4,0.00,0.00
2023-06-15,24.6,14.2,19.5,0.10,0.00
2023-06-16,25.3,13.4,20.3,0.10,0.00
2023-06-17,28.2,14.5,22.1,0.00,0.00
2023-06-18,30.2,16.5,23.4,0.00,0.00
2023-06-19,27.9,16.8,22.1,10.80,0.00
2023-06-20,29.6,17.6,23.1,5.70,0.00
2023-06-21,27.1,18.5,22.1,3.60,0.00
2023-06-22,29.4,18.0,22.1,10.50,0.00
2023-06-23,22.7,15.8,19.0,2.50,0.00
2023-06-24,24.8,15.1,20.3,0.00,0.00
2023-06-25,28.2,15.1,22.1,0.00,0.00
2023-06-26,26.8,18.5,22.6,0.20,0.00
2023-06-27,22.9,15.9,19.1,1.00,0.00
2023-06-28,24.4,13.8,19.4,0.00,0.00
2023-06-29,27.4,15.9,20.9,4.00,0.00
2023-06-30,19.1,17.0,17.8,12.80,0.00
2023-07-01,21.9,14.8,18.2,0.20,0.00
2023-07-02,20.8,15.7,18.2,2.20,0.00
2023-07-03,21.4,15.8,18.5,0.10,0.00
2023-07-04,23.0,15.0,18.7,4.30,0.00
2023-07-05,20.0,14.9,17.2,8.10,0.00
2023-07-06,22.8,13.1,18.3,0.30,0.00
2023-07-07,28.9,13.9,22.4,0.00,0.00
2023-07-08,28.4,18.1,22.4,6.00,0.00
2023-07-09,33.2,18.7,26.1,0.00,0.00
2023-07-10,28.9,20.2,24.6,7.10,0.00
2023-07-11,32.5,18.9,25.7,6.10,0.00
2023-07-12,24.4,18.2,20.8,21.80,0.00
2023-07-13,23.9,16.8,19.5,5.70,0.00
2023-07-14,28.1,15.0,21.5,0.00,0.00
2023-07-15,31.6,18.7,24.6,1.70,0.00
2023-07-16,22.2,15.7,19.2,7.80,0.00
2023-07-17,24.9,17.7,20.7,1.20,0.00
2023-07-18,25.2,16.3,20.7,56.10,0.00
2023-07-19,27.2,18.4,22.0,2.70,0.00
2023-07-20,24.4,16.3,20.0,0.10,0.00
2023-07-21,22.9,14.8,18.7,7.60,0.00
2023-07-22,23.5,14.8,19.3,0.40,0.00
2023-07-23,26.8,15.1,21.3,0.20,0.00
2023-07-24,23.0,17.3,19.4,22.20,0.00
2023-07-25,19.3,12.7,16.3,8.70,0.00
2023-07-26,18.0,11.0,14.6,4.30,0.00
2023-07-27,24.4,11.9,18.2,0.00,0.00
2023-07-28,25.1,16.9,20.1,9.50,0.00
2023-07-29,23.8,16.0,19.3,14.40,0.00
2023-07-30,22.1,15.6,18.6,0.50,0.00
2023-07-31,24.5,13.3,18.6,0.00,0.00
2023-08-01,20.8,15.1,18.7,9.20,0.00
2023-08-02,27.7,13.8,20.8,0.50,0.00
2023-08-03,21.1,14.9,18.1,1.80,0.00
2023-08-04,18.5,13.2,15.1,19.00,0.00
2023-08-05,20.2,12.4,16.0,2.80,0.00
2023-08-06,15.0,11.4,13.4,5.60,0.00
2023-08-07,16.5,10.1,13.1,2.60,0.00
2023-08-08,20.7,9.3,15.7,0.00,0.00
2023-08-09,22.1,14.7,18.1,0.00,0.00
2023-08-10,26.1,14.2,20.4,0.00,0.00
2023-08-11,28.6,15.5,22.6,0.00,0.00
2023-08-12,27.8,19.0,22.4,8.60,0.00
2023-08-13,26.7,17.6,22.2,2.50,0.00
2023-08-14,29.8,18.0,24.2,0.00,0.00
2023-08-15,29.9,19.7,23.8,3.10,0.00
2023-08-16,29.9,18.1,23.8,0.00,0.00
2023-08-17,27.4,19.1,23.4,0.70,0.00
2023-08-18,32.0,17.7,24.6,0.00,0.00
2023-08-19,32.3,20.8,26.1,0.00,0.00
2023-08-20,31.7,18.5,25.0,0.20,0.00
2023-08-21,31.8,21.1,26.2,0.10,0.00
2023-08-22,31.7,20.2,25.8,2.60,0.00
2023-08-23,30.6,19.3,24.9,0.00,0.00
2023-08-24,34.9,20.3,25.8,2.30,0.00
2023-08-25,30.0,19.6,23.5,10.00,0.00
2023-08-26,20.3,16.4,18.2,25.80,0.00
2023-08-27,19.4,13.9,16.3,7.40,0.00
2023-08-28,13.9,11.7,12.9,20.90,0.00
2023-08-29,16.1,11.1,12.9,5.80,0.00
2023-08-30,18.2,8.9,14.1,0.60,0.00
2023-08-31,18.1,12.1,15.2,2.70,0.00
2023-09-01,23.4,15.7,19.3,0.80,0.00
2023-09-02,26.1,15.4,20.6,0.00,0.00
2023-09-03,25.5,16.9,21.3,0.00,0.00
2023-09-04,26.0,16.4,20.8,0.00,0.00
2023-09-05,27.2,14.1,20.4,0.00,0.00
2023-09-06,26.7,13.6,20.2,0.00,0.00
2023-09-07,28.1,15.4,22.2,0.00,0.00
2023-09-08,28.5,17.5,23.5,0.00,0.00
2023-09-09,29.1,17.6,24.1,0.00,0.00
2023-09-10,29.0,17.5,24.1,0.00,0.00
2023-09-11,29.7,18.4,24.4,0.00,0.00
2023-09-12,28.0,18.3,23.1,0.10,0.00
2023-09-13,20.3,16.4,17.9,9.40,0.00
2023-09-14,21.1,13.6,17.9,0.40,0.00
2023-09-15,23.5,14.3,18.5,0.10,0.00
2023-09-16,25.4,14.0,19.1,0.30,0.00
2023-09-17,27.2,15.2,21.1,0.10,0.00
2023-09-18,20.9,16.5,18.5,13.20,0.00
2023-09-19,21.3,14.0,17.2,1.50,0.00
2023-09-20,23.1,12.7,17.5,0.00,0.00
2023-09-21,23.5,15.0,18.5,10.00,0.00
2023-09-22,18.8,12.2,14.8,8.20,0.00
2023-09-23,16.2,10.1,12.6,0.50,0.00
2023-09-24,17.5,8.2,12.7,0.00,0.00
2023-09-25,20.5,7.1,13.6,0.00,0.00
2023-09-26,22.8,8.2,15.9,0.00,0.00
2023-09-27,23.7,11.2,16.9,0.00,0.00
2023-09-28,25.2,14.1,19.6,0.00,0.00
2023-09-29,25.0,14.4,18.8,0.00,0.00
2023-09-30,19.8,13.7,16.6,0.20,0.00
2023-10-01,23.5,11.4,17.4,0.00,0.00
2023-10-02,25.9,12.8,18.6,0.00,0.00
2023-10-03,25.5,12.7,18.2,2.40,0.00
2023-10-04,17.6,11.5,14.2,0.00,0.00
2023-10-05,18.5,8.8,13.6,0.00,0.00
2023-10-06,21.4,8.9,15.1,0.00,0.00
2023-10-07,23.2,9.3,16.3,0.00,0.00
2023-10-08,26.7,13.0,19.6,0.00,0.00
2023-10-09,26.3,13.2,19.4,0.00,0.00
2023-10-10,24.9,14.2,18.9,0.00,0.00
2023-10-11,24.9,12.1,18.2,0.00,0.00
2023-10-12,25.0,13.5,18.5,0.00,0.00
2023-10-13,24.3,13.7,18.7,0.00,0.00
2023-10-14,19.3,10.5,15.4,9.10,0.00
2023-10-15,11.6,7.0,9.2,0.40,0.00
2023-10-16,12.2,4.5,7.9,0.00,0.00
2023-10-17,16.8,2.9,9.1,0.00,0.00
2023-10-18,15.8,7.2,11.1,7.90,0.00
2023-10-19,17.1,10.9,13.7,6.90,0.00
2023-10-20,14.9,11.1,13.5,14.50,0.00
2023-10-21,16.6,10.1,13.6,0.70,0.00
2023-10-22,15.8,8.2,11.9,0.00,0.00
2023-10-23,15.1,6.5,10.7,1.80,0.00
2023-10-24,13.1,8.9,11.4,12.30,0.00
2023-10-25,15.2,8.3,11.4,4.90,0.00
2023-10-26,15.3,10.8,12.6,15.90,0.00
2023-10-27,13.5,9.6,11.2,13.80,0.00
2023-10-28,15.2,8.7,11.5,0.00,0.00
2023-10-29,17.3,10.2,13.3,0.60,0.00
2023-10-30,15.8,7.6,11.2,18.80,0.00
2023-10-31,12.0,7.7,9.7,1.50,0.00
2023-11-01,13.2,5.8,9.3,0.40,0.00
2023-11-02,9.8,5.5,7.8,22.10,0.00
2023-11-03,8.6,3.9,6.2,1.00,0.00
2023-11-04,8.5,5.3,6.7,12.50,0.56
2023-11-05,11.3,7.9,9.3,3.90,0.14
2023-11-06,11.5,6.7,8.5,3.00,0.00
2023-11-07,9.7,4.1,6.7,4.30,0.70
2023-11-08,10.7,2.5,5.9,0.00,0.00
2023-11-09,8.7,3.6,6.4,3.50,0.00
2023-11-10,9.4,5.8,7.2,12.00,1.26
2023-11-11,7.3,2.1,5.5,1.70,0.07
2023-11-12,9.7,0.2,5.0,12.60,3.85
2023-11-13,15.1,9.3,12.2,13.00,0.00
2023-11-14,14.5,9.5,12.1,32.80,0.00
2023-11-15,10.7,6.3,8.6,1.00,0.00
2023-11-16,11.0,2.6,7.1,10.80,0.21
2023-11-17,10.1,4.7,6.0,7.30,0.00
2023-11-18,8.7,0.8,4.7,1.70,0.00
2023-11-19,13.3,9.2,11.5,8.00,0.00
2023-11-20,12.4,6.6,9.6,0.00,0.00
2023-11-21,8.2,5.6,6.9,5.00,0.00
2023-11-22,5.9,0.7,3.1,6.80,0.35
2023-11-23,8.6,-1.4,2.9,0.00,0.00
2023-11-24,8.0,1.3,5.4,4.70,1.47
2023-11-25,3.1,0.0,1.2,0.00,5.25
2023-11-26,4.1,1.1,2.0,0.10,1.05
2023-11-27,5.8,-0.8,2.7,2.20,1.61
2023-11-28,4.2,-2.0,2.1,4.10,3.01
2023-11-29,4.4,-2.6,0.7,0.00,0.00
2023-11-30,4.0,0.4,1.9,10.80,7.91
2023-12-01,5.0,0.2,2.9,13.00,6.51
2023-12-02,0.0,-3.1,-1.9,0.10,6.79
2023-12-03,0.0,-5.9,-3.6,0.00,0.07
2023-12-04,2.9,-4.7,-1.5,0.10,1.40
2023-12-05,5.6,2.5,3.8,1.60,2.10
2023-12-06,3.8,1.6,2.9,0.70,0.00
2023-12-07,3.3,-1.1,1.3,0.00,0.00
2023-12-08,5.1,0.9,3.5,10.10,0.07
2023-12-09,9.3,2.7,5.5,9.70,2.59
2023-12-10,10.7,5.5,7.7,3.40,0.00
2023-12-11,10.8,8.1,9.5,16.70,0.00
2023-12-12,11.8,7.7,9.9,22.60,0.00
2023-12-13,9.5,5.6,7.3,9.90,0.00
2023-12-14,5.9,4.3,5.2,4.90,0.14
2023-12-15,6.2,0.6,4.0,0.30,0.00
2023-12-16,5.9,1.0,3.4,0.00,0.00
2023-12-17,7.3,-0.4,1.8,0.00,0.00
2023-12-18,12.4,0.5,3.6,0.00,0.00
2023-12-19,9.6,0.3,3.5,0.00,0.00
2023-12-20,5.5,1.1,3.8,5.10,0.14
2023-12-21,8.0,2.4,5.5,6.50,0.14
2023-12-22,7.3,5.4,6.5,14.30,0.00
2023-12-23,6.9,4.6,5.6,2.10,0.00
2023-12-24,10.1,4.5,7.2,3.20,0.00
2023-12-25,11.6,5.5,8.2,0.20,0.00
2023-12-26,9.9,3.4,6.0,0.00,0.00
2023-12-27,10.1,1.7,4.6,0.00,0.00
2023-12-28,7.9,3.6,5.8,0.80,0.00
2023-12-29,11.4,5.7,7.7,0.50,0.00
2023-12-30,9.9,4.2,6.3,0.00,0.00
2023-12-31,8.3,2.9,4.2,3.80,1.61
